geography,geography code,Country of Birth: All categories: Country of birth; measures: Value,UK,Ireland ,Europe,EU (ex.Ireland),Germany,Lithuania,Poland,Romania,Africa,Middle East and Asia
Berwick-upon-Tweed,E14000554,75718,73315,177,1102,1039,292,49,281,12,288,486
Bishop Auckland,E14000569,87143,85041,157,981,926,354,9,219,25,242,465
Blaydon,E14000574,88281,86025,130,883,803,229,13,199,12,335,673
Blyth Valley,E14000575,82174,80262,121,863,789,315,40,128,11,226,492
City of Durham,E14000641,94375,87713,295,2202,1936,542,38,270,45,723,2369
Darlington,E14000658,91417,86356,230,2414,2318,706,118,870,102,448,1548
Easington,E14000677,82769,80951,95,966,911,297,141,213,13,198,419
Gateshead,E14000709,94506,87393,250,2660,2336,306,67,918,80,994,2738
Hartlepool,E14000733,92028,89469,145,929,869,256,11,320,16,336,949
Hexham,E14000746,76236,73589,182,894,805,243,11,131,27,375,712
Houghton and Sunderland South,E14000754,87002,85278,87,627,578,235,3,124,12,248,600
Jarrow,E14000765,83260,81258,109,662,583,246,8,102,4,228,824
Middlesbrough,E14000819,93865,83922,340,2211,1993,335,121,546,46,1603,5577
Middlesbrough South and East Cleveland,E14000820,92826,90318,179,859,772,274,6,118,26,407,807
Newcastle upon Tyne Central,E14000831,93693,73486,305,3999,3449,418,173,725,155,2954,12314
Newcastle upon Tyne East,E14000832,95589,83899,376,3179,2747,521,92,511,77,1712,5500
Newcastle upon Tyne North,E14000833,90895,85213,261,1486,1276,418,24,237,18,874,2609
North Durham,E14000840,86883,85003,118,785,738,302,12,127,6,219,533
North Tyneside,E14000853,102042,98057,168,1442,1244,325,27,312,50,615,1449
North West Durham,E14000856,92119,89624,150,1309,1239,303,11,625,11,293,459
Redcar,E14000891,86898,84960,244,778,698,291,12,105,17,221,495
Sedgefield,E14000915,84100,81916,133,1072,1019,406,19,303,13,235,481
South Shields,E14000944,82294,78838,109,792,695,230,30,116,33,407,1926
Stockton North,E14000970,92033,88431,232,989,909,327,10,206,42,705,1420
Stockton South,E14000971,99577,94338,233,1234,1109,401,14,187,39,705,2676
Sunderland Central,E14000982,99885,92468,291,1536,1414,266,54,408,22,1046,4229
Tynemouth,E14001006,98759,94798,232,1307,1151,376,27,149,14,477,1456
Wansbeck,E14001014,81900,79937,126,769,700,296,19,126,19,216,592
Washington and Sunderland West,E14001020,88619,86455,111,863,791,287,56,183,23,317,704
Altrincham and Sale West,E14000532,96591,87401,1262,2524,2242,384,19,619,59,986,3456
Ashton-under-Lyne,E14000537,90484,82095,577,2127,1970,195,11,1097,42,1399,3978
Barrow and Furness,E14000543,88826,86131,231,957,873,247,3,284,33,294,737
Birkenhead,E14000559,88818,84682,580,1286,1186,243,26,422,56,371,1517
Blackburn,E14000570,107246,87252,468,2568,2374,248,175,1302,29,2128,14496
Blackley and Broughton,E14000571,110754,81567,1841,7178,6342,413,323,2594,94,6855,12027
Blackpool North and Cleveleys,E14000572,83391,79504,527,1588,1506,342,14,568,41,367,1008
Blackpool South,E14000573,81266,76640,522,2222,2114,324,31,1112,30,395,1128
Bolton North East,E14000578,95288,84658,617,2318,2006,284,121,752,23,1816,5401
Bolton South East,E14000579,101747,85592,481,2561,2296,271,124,706,32,2861,9876
Bolton West,E14000580,94523,89574,434,1218,1058,234,70,291,10,937,1919
Bootle,E14000581,98449,95520,517,1099,960,212,43,343,22,374,612
Burnley,E14000609,87059,80325,497,1284,1169,254,41,294,17,295,4331
Bury North,E14000611,87218,79903,610,1783,1628,205,42,732,22,622,3890
Bury South,E14000612,97842,89042,1191,2546,2270,302,79,880,23,1063,3351
Carlisle,E14000620,85979,81423,240,2462,2350,372,36,1166,27,379,1061
Cheadle,E14000627,91023,83302,798,1493,1271,250,4,223,17,875,3899
Chorley,E14000637,94932,91398,406,1335,1245,292,22,431,40,421,904
City of Chester,E14000640,92995,86007,733,3107,2886,517,66,1060,54,780,1527
Congleton,E14000646,91960,88895,342,1152,1057,243,7,249,15,437,672
Copeland,E14000647,80891,78297,185,962,895,236,54,141,30,310,715
Crewe and Nantwich,E14000653,107271,99834,519,4484,4349,411,46,2926,28,594,1285
Denton and Reddish,E14000661,85832,81502,892,1211,1117,192,12,405,19,624,1265
Eddisbury,E14000686,85633,82847,328,1042,946,243,3,239,18,423,543
Ellesmere Port and Neston,E14000688,86913,83363,586,1431,1306,326,64,398,40,420,729
Fylde,E14000706,81914,77872,463,1672,1577,503,13,271,17,409,900
Garston and Halewood,E14000708,97697,92752,572,1671,1521,210,116,519,28,653,1545
Halton,E14000725,94995,92512,454,943,868,213,41,292,7,223,540
Hazel Grove,E14000738,79173,75994,447,983,885,226,3,183,28,375,922
Heywood and Middleton,E14000747,103894,97166,937,1997,1857,242,74,900,24,1078,2341
Hyndburn,E14000758,92494,85704,444,1624,1535,221,18,834,18,336,4081
Knowsley,E14000775,103910,101833,355,728,631,191,23,180,7,266,457
Lancaster and Fleetwood,E14000776,86650,79576,353,2768,2439,537,60,478,41,568,2646
Leigh,E14000785,102997,98953,471,1460,1327,243,94,468,33,715,1054
"Liverpool, Riverside",E14000793,114920,94632,1152,4457,3878,506,154,870,102,3825,9191
"Liverpool, Walton",E14000794,91876,87364,446,1431,1305,185,44,581,38,766,1567
"Liverpool, Wavertree",E14000795,91501,79719,771,2923,2625,252,153,893,58,2705,4704
"Liverpool, West Derby",E14000796,90537,85300,422,1567,1443,161,73,710,20,1024,1943
Macclesfield,E14000802,93268,88461,427,1659,1508,301,7,397,24,483,1515
Makerfield,E14000805,98202,95731,304,912,836,223,52,243,9,394,584
Manchester Central,E14000807,134326,93626,1955,8116,7285,639,260,1414,252,10354,16394
"Manchester, Gorton",E14000808,111198,74971,2174,5566,5131,521,100,1588,316,6226,19882
"Manchester, Withington",E14000809,99212,81564,2227,3888,3417,544,75,712,72,2031,7658
Morecambe and Lunesdale,E14000825,87683,83304,411,2305,2191,349,35,1327,16,480,687
Oldham East and Saddleworth,E14000870,101601,91491,460,1603,1463,239,61,490,14,811,6732
Oldham West and Royton,E14000871,102616,87037,598,1685,1524,260,39,484,17,1013,11872
Pendle,E14000875,89452,79745,376,2219,2087,280,381,798,23,282,6550
Penrith and The Border,E14000877,81880,79230,183,1258,1197,278,16,429,49,337,487
Preston,E14000885,94780,79406,632,4359,4160,372,90,2377,98,1451,8063
Ribble Valley,E14000894,96929,93441,441,1362,1281,303,12,409,19,392,863
Rochdale,E14000897,107805,90936,915,2487,2304,289,68,1130,20,1576,11542
Rossendale and Darwen,E14000902,96465,92545,473,1257,1178,247,8,286,13,381,1438
Salford and Eccles,E14000911,108546,93605,1176,5093,4728,410,108,1709,149,3128,4696
Sefton Central,E14000916,84960,82448,534,769,720,206,11,121,9,302,541
South Ribble,E14000943,97371,93760,435,1425,1348,340,30,329,25,464,866
Southport,E14000958,90381,84266,683,3053,2869,307,152,1180,74,611,1101
St Helens North,E14000962,96518,94136,331,925,845,199,26,199,15,262,591
St Helens South and Whiston,E14000963,100657,97622,416,928,852,181,6,232,12,311,1060
Stalybridge and Hyde,E14000967,91740,86649,516,1355,1267,259,4,387,31,561,2300
Stockport,E14000969,85027,78294,1052,1666,1431,286,12,484,27,731,2720
Stretford and Urmston,E14000979,98749,85741,1929,2641,2473,284,34,1057,40,1835,4864
Tatton,E14000987,84287,79057,589,1712,1552,297,9,363,27,652,1490
Wallasey,E14001010,89444,86088,546,1140,1055,293,5,307,22,358,878
Warrington North,E14001017,95213,90197,467,2310,2176,293,51,909,31,531,1256
Warrington South,E14001018,107015,100522,623,2322,2193,387,26,855,32,670,2253
Weaver Vale,E14001024,88159,84839,366,1357,1272,284,5,450,31,400,751
West Lancashire,E14001033,94797,91068,387,1944,1884,239,34,511,10,349,631
Westmorland and Lonsdale,E14001037,83919,79591,234,2066,1957,347,34,660,87,496,829
Wigan,E14001039,101878,97710,291,1803,1675,196,252,529,40,639,1120
Wirral South,E14001043,72312,69682,405,837,750,214,10,112,12,314,660
Wirral West,E14001044,69209,66401,398,776,693,245,5,70,14,343,806
Workington,E14001053,78363,76492,134,844,789,202,37,188,26,205,400
Worsley and Eccles South,E14001054,98824,92456,869,2182,2040,241,52,978,28,1060,1782
Wyre and Preston North,E14001057,88464,83919,419,1068,978,257,17,194,21,566,1985
Wythenshawe and Sale East,E14001059,105438,92783,1409,3917,3553,352,156,1678,105,1948,4380
Barnsley Central,E14000541,85714,81945,176,1934,1707,295,76,813,15,616,832
Barnsley East,E14000542,90434,87843,173,1325,1184,254,19,562,17,454,460
Batley and Spen,E14000548,107899,97293,280,1602,1430,225,28,692,31,745,7588
Beverley and Holderness,E14000556,99748,96594,201,1387,1269,562,39,113,20,368,747
Bradford East,E14000587,113820,87686,428,4168,3892,279,108,1628,87,1625,19124
Bradford South,E14000588,101545,90132,438,2841,2686,317,108,1062,24,1427,6075
Bradford West,E14000589,114761,77584,329,6396,6002,216,271,1943,121,2842,26824
Brigg and Goole,E14000596,86706,82475,220,2785,2688,447,130,1020,11,248,614
Calder Valley,E14000614,102961,98911,655,1432,1308,379,13,386,26,418,1037
Cleethorpes,E14000643,93593,90416,201,1403,1270,422,32,325,18,345,895
Colne Valley,E14000645,109201,100900,645,1610,1418,329,38,459,27,942,4278
Dewsbury,E14000666,110062,99126,276,1631,1469,287,52,523,22,663,7965
Don Valley,E14000667,98521,94884,294,1570,1451,448,26,488,48,462,977
Doncaster Central,E14000668,104950,92957,429,6506,5917,520,255,3627,54,1042,3490
Doncaster North,E14000669,98931,95892,240,1536,1412,384,55,581,14,339,627
East Yorkshire,E14000683,100377,96994,282,1656,1565,541,59,395,22,386,631
Elmet and Rothwell,E14000689,99623,96118,426,1226,1096,294,23,255,12,519,879
Great Grimsby,E14000716,88243,83804,185,2290,2098,403,67,927,24,481,1216
Halifax,E14000723,100865,89679,731,3102,2862,332,57,1189,32,594,6375
Haltemprice and Howden,E14000724,88519,85068,202,1253,1125,335,23,186,24,447,1123
Harrogate and Knaresborough,E14000730,101334,91649,448,3873,3599,755,169,1083,63,933,1848
Hemsworth,E14000740,93719,89683,156,2012,1946,304,49,1107,16,496,1103
Huddersfield,E14000756,95296,79502,936,3166,2895,308,121,1444,55,1896,7902
Keighley,E14000766,97150,87860,512,2133,1992,282,44,577,39,581,5567
Kingston upon Hull East,E14000771,91937,88394,145,1894,1735,336,115,657,58,429,871
Kingston upon Hull North,E14000772,94813,84609,163,5107,4849,508,358,2270,54,1503,3001
Kingston upon Hull West and Hessle,E14000773,84656,75959,147,4568,4221,311,394,1920,77,975,2681
Leeds Central,E14000777,132877,104531,917,7307,6774,607,450,2525,166,6805,11739
Leeds East,E14000778,94469,80872,759,2911,2725,315,179,1011,33,2944,6180
Leeds North East,E14000779,91640,75042,917,3197,2860,378,134,1045,47,2744,7550
Leeds North West,E14000780,84571,77261,500,1898,1686,389,53,266,50,969,3035
Leeds West,E14000781,92806,83726,587,3304,3052,326,122,1459,49,1847,2714
Morley and Outwood,E14000826,96493,92337,327,1443,1334,297,59,502,12,571,1423
"Normanton, Pontefract and Castleford",E14000836,107195,103234,233,2057,1995,340,81,1131,16,579,861
Penistone and Stocksbridge,E14000876,87221,84932,240,782,716,218,17,160,20,355,608
Pudsey,E14000886,88855,84039,405,1315,1194,299,37,233,18,627,1945
Richmond (Yorks),E14000895,107301,100655,335,2875,2751,1524,35,355,33,803,1720
Rother Valley,E14000903,94608,91901,200,939,866,211,29,229,19,387,953
Rotherham,E14000904,89697,81071,268,2763,2616,240,224,529,17,1189,4223
Scarborough and Whitby,E14000913,97399,92361,218,2423,2245,463,55,794,65,503,1374
Scunthorpe,E14000914,89055,80714,406,4680,4524,477,785,2294,17,503,2452
Selby and Ainsty,E14000917,96127,91732,331,2258,2072,459,38,943,34,532,746
Sheffield Central,E14000919,115284,89330,529,5200,4538,625,175,1018,171,4313,13906
Sheffield South East,E14000920,92918,84910,200,1642,1485,210,32,401,20,1196,4509
"Sheffield, Brightside and Hillsborough",E14000921,107139,91389,287,2849,2482,226,84,642,41,3918,7565
"Sheffield, Hallam",E14000922,89356,82715,363,1758,1498,349,23,170,51,855,2718
"Sheffield, Heeley",E14000923,93466,86649,363,1906,1602,286,48,469,22,1661,2113
Shipley,E14000925,95176,89581,416,1960,1812,308,31,638,35,606,2044
Skipton and Ripon,E14000928,99266,93649,284,2187,2070,509,37,573,28,624,1009
Thirsk and Malton,E14000993,96949,92821,318,1981,1864,557,20,439,47,505,667
Wakefield,E14001009,95074,86768,267,3654,3471,314,224,1893,23,1270,2761
Wentworth and Dearne,E14001028,95362,93042,191,951,867,239,33,306,16,374,612
York Central,E14001061,104359,92092,485,5176,4531,973,142,1384,115,1175,3934
York Outer,E14001062,93692,87731,322,2181,1931,607,36,279,56,636,2090
Amber Valley,E14000533,87883,85514,209,1194,1107,263,18,458,16,261,418
Ashfield,E14000535,101914,98818,217,1656,1547,342,52,649,24,305,633
Bassetlaw,E14000546,103808,98869,285,2756,2617,373,43,1608,33,514,983
Bolsover,E14000577,94473,91654,213,1415,1332,260,19,652,19,463,530
Boston and Skegness,E14000582,101684,90169,305,9117,8894,414,1898,3471,113,541,1119
Bosworth,E14000583,98282,94356,323,1460,1350,350,21,311,41,642,1052
Broxtowe,E14000607,94971,86965,382,2742,2496,572,89,387,65,976,3115
Charnwood,E14000625,94748,87486,469,1360,1220,303,26,277,20,2365,2548
Chesterfield,E14000632,93248,89575,319,1334,1229,326,31,284,25,556,1078
Corby,E14000648,110099,98974,924,6622,5915,530,244,2521,273,1316,1118
Daventry,E14000660,93850,88570,500,2220,2069,399,20,800,76,909,949
Derby North,E14000662,100323,89503,789,3722,3372,409,144,1400,30,1392,4073
Derby South,E14000663,109171,87282,798,6063,5434,361,201,1887,17,2186,11431
Derbyshire Dales,E14000664,78673,76074,255,994,929,236,10,236,17,365,494
Erewash,E14000695,94050,90472,375,1501,1397,377,15,476,9,421,811
Gainsborough,E14000707,91719,88012,362,1632,1532,605,77,182,31,517,787
Gedling,E14000710,92533,87015,504,1943,1744,366,45,585,23,753,1531
Grantham and Stamford,E14000714,104391,96545,461,4431,4239,839,384,1290,71,838,1393
Harborough,E14000728,100662,89523,527,2031,1792,407,29,465,19,3302,4537
High Peak,E14000748,90892,87633,455,1236,1139,266,4,326,15,407,666
Kettering,E14000769,93475,85551,513,3434,3244,443,163,1221,81,1307,1985
Leicester East,E14000782,108520,61558,530,3840,3468,320,60,1102,49,14484,26984
Leicester South,E14000783,119287,78944,696,6307,5621,491,90,1486,156,10586,20874
Leicester West,E14000784,102032,78494,707,7518,6838,385,226,3829,99,6913,7250
Lincoln,E14000792,106334,96483,621,5748,5517,998,489,2249,42,923,1841
Loughborough,E14000797,99177,87170,412,3203,2886,494,73,819,59,2015,5629
Louth and Horncastle,E14000798,96885,93665,325,1423,1301,524,83,174,30,391,639
Mansfield,E14000810,104466,98649,368,3824,3649,390,107,2049,25,365,899
Mid Derbyshire,E14000814,84158,80742,346,1202,1067,282,17,244,16,469,921
Newark,E14000829,98937,93252,535,3012,2864,444,436,1172,47,536,936
North East Derbyshire,E14000843,90956,88785,194,844,760,241,27,156,18,347,527
North West Leicestershire,E14000858,93468,89820,326,1678,1577,328,19,584,59,437,843
Northampton North,E14000861,86192,73059,1116,4931,4516,432,426,1766,348,2905,3031
Northampton South,E14000862,93615,75589,958,7776,7208,460,610,3426,608,3917,4277
Nottingham East,E14000865,99302,74743,781,7415,6732,499,213,3468,142,4090,9825
Nottingham North,E14000866,97145,86232,480,3212,2951,355,122,1621,44,2777,2648
Nottingham South,E14000867,109233,84976,640,5714,5106,645,216,1711,124,3785,11729
Rushcliffe,E14000908,94963,88409,459,2017,1817,468,37,330,27,871,2379
Rutland and Melton,E14000909,100926,95046,444,2463,2314,692,29,735,12,972,1114
Sherwood,E14000924,94210,91438,226,1130,1030,331,30,271,12,367,688
Sleaford and North Hykeham,E14000929,111056,105491,449,2835,2709,1012,181,476,40,644,899
South Derbyshire,E14000935,94611,90941,299,1243,1118,350,13,249,13,478,1216
South Holland and The Deepings,E14000939,101584,92545,315,6820,6663,535,1210,2825,60,564,836
South Leicestershire,E14000940,100595,95031,394,1705,1521,351,44,431,17,1177,1741
South Northamptonshire,E14000942,108562,100474,660,2543,2333,508,73,499,142,1751,1752
Wellingborough,E14001025,106159,94915,736,4515,4208,435,111,2242,98,2124,2564
Aldridge-Brownhills,E14000531,76974,73989,397,668,618,148,17,196,7,376,1264
"Birmingham, Edgbaston",E14000560,96568,77514,1352,3422,3027,393,73,736,158,3271,8878
"Birmingham, Erdington",E14000561,97778,83087,2115,3321,3121,243,71,1833,122,2206,4488
"Birmingham, Hall Green",E14000562,115904,79053,1957,2978,2618,329,55,552,190,4817,25057
"Birmingham, Hodge Hill",E14000563,121678,86631,1218,3291,2984,202,49,459,327,3856,24997
"Birmingham, Ladywood",E14000564,126693,75623,1461,7251,6470,469,258,1655,265,9455,26166
"Birmingham, Northfield",E14000565,101422,92812,1478,1482,1191,277,15,267,51,1642,2866
"Birmingham, Perry Barr",E14000566,107090,75172,1199,3990,3801,191,120,2025,76,3848,18127
"Birmingham, Selly Oak",E14000567,104067,89152,1914,2608,2186,383,80,424,117,2370,6410
"Birmingham, Yardley",E14000568,106738,87633,2294,3080,2854,254,64,1291,86,2163,10125
Bromsgrove,E14000605,93637,89900,628,1054,867,255,12,135,29,499,1083
Burton,E14000610,102731,93267,358,4093,3963,319,140,2019,32,605,3865
Cannock Chase,E14000618,97462,95033,290,1062,975,287,23,283,19,231,630
Coventry North East,E14000649,110511,83549,1831,6261,5647,332,108,2866,380,5758,12057
Coventry North West,E14000650,100872,84563,2362,4366,4017,426,110,1910,153,2578,6120
Coventry South,E14000651,105577,81615,1628,5672,5115,455,196,1641,388,5046,10593
Dudley North,E14000671,81218,75478,200,1040,920,100,35,401,28,701,3099
Dudley South,E14000672,79648,76331,165,669,582,139,14,169,16,430,1727
Halesowen and Rowley Regis,E14000722,87319,82358,341,860,750,161,15,200,14,589,2792
Hereford and South Herefordshire,E14000743,97492,90177,301,4558,4373,546,399,1991,122,661,1073
Kenilworth and Southam,E14000767,82175,76528,593,1809,1620,412,23,176,43,747,1675
Lichfield,E14000791,92985,89630,390,1408,1334,295,41,397,16,383,733
Ludlow,E14000799,84857,81869,276,1253,1156,270,15,256,21,341,581
Meriden,E14000812,107857,101718,1174,1311,1187,244,13,255,39,986,1688
Mid Worcestershire,E14000818,94454,88805,417,3135,3000,316,131,1540,67,588,955
Newcastle-under-Lyme,E14000834,88945,83596,236,1729,1368,279,15,456,20,677,2278
North Herefordshire,E14000847,85985,81052,265,2716,2599,361,195,967,77,578,759
North Shropshire,E14000849,104268,99263,456,2511,2387,571,14,869,25,549,914
North Warwickshire,E14000854,90034,85989,525,1306,1217,222,8,561,22,562,1310
Nuneaton,E14000868,91086,85021,327,1805,1691,320,13,841,28,895,2644
Redditch,E14000892,89677,82784,540,3280,3184,308,79,1907,23,481,2053
Rugby,E14000905,96549,85185,787,4909,4684,401,53,2318,104,1876,2727
Shrewsbury and Atcham,E14000926,102382,96651,400,2368,2186,583,52,527,82,661,1611
Solihull,E14000931,98817,89570,1471,1414,1249,242,2,252,39,1461,4160
South Staffordshire,E14000945,93655,91036,301,758,696,212,15,104,11,331,892
Stafford,E14000965,95255,88685,528,2138,2026,536,42,637,96,820,2395
Staffordshire Moorlands,E14000966,77523,75720,165,851,791,189,9,265,34,180,393
Stoke-on-Trent Central,E14000972,83104,73476,228,2419,2162,255,59,694,47,1284,5241
Stoke-on-Trent North,E14000973,96715,89937,208,1842,1643,223,41,765,44,891,3443
Stoke-on-Trent South,E14000974,89539,84848,177,1268,1156,255,23,382,14,681,2283
Stone,E14000975,84249,81560,281,999,924,231,4,196,13,363,656
Stourbridge,E14000976,90024,85695,295,906,799,206,12,129,29,433,2428
Stratford-on-Avon,E14000977,88490,82555,531,2683,2523,360,57,1071,89,687,1167
Sutton Coldfield,E14000985,95107,88055,1097,1440,1312,279,12,235,41,921,2834
Tamworth,E14000986,95334,91607,583,1593,1511,300,54,651,6,394,785
Telford,E14000989,90359,84586,315,2487,2340,622,64,838,34,905,1665
The Wrekin,E14000992,90904,83877,383,3050,2925,699,68,1424,51,696,2325
Walsall North,E14001011,93878,88039,181,1262,1199,177,33,536,18,671,3254
Walsall South,E14001012,98471,80660,353,2182,2090,160,47,906,25,1772,12602
Warley,E14001016,92201,71037,695,3759,3369,199,215,1424,128,2227,12308
Warwick and Leamington,E14001019,97140,84840,1306,4184,3830,522,43,968,84,1265,4288
West Bromwich East,E14001029,88030,72990,468,3639,3478,162,132,2369,16,1358,8017
West Bromwich West,E14001030,90191,79454,204,2756,2660,151,115,1738,55,1153,5632
West Worcestershire,E14001035,91658,87238,325,1715,1578,497,28,288,34,620,1064
Wolverhampton North East,E14001049,88737,77811,524,2584,2363,208,297,959,38,1891,4253
Wolverhampton South East,E14001050,88177,74482,261,1829,1729,208,175,646,28,1482,8494
Wolverhampton South West,E14001051,84913,68247,532,3284,3091,243,443,1051,42,1793,9489
Worcester,E14001052,98768,90700,476,3595,3375,456,132,1259,118,676,2650
Wyre Forest,E14001058,97975,94141,410,1751,1627,251,42,589,16,312,979
Basildon and Billericay,E14000544,89687,82966,669,1743,1479,260,78,328,43,1605,1954
Bedford,E14000552,101066,78122,945,9195,8444,473,608,3647,227,2866,7977
Braintree,E14000590,97840,91971,599,2574,2371,361,82,896,57,881,1130
Brentwood and Ongar,E14000594,92957,85918,818,2033,1793,332,55,269,66,1373,1835
Broadland,E14000603,95188,91343,276,1497,1371,395,112,170,50,636,833
Broxbourne,E14000606,98790,87190,995,6031,4925,206,274,1184,129,2107,1442
Bury St Edmunds,E14000613,113678,105415,455,3357,3147,826,139,829,73,1039,1533
Cambridge,E14000617,114740,80810,1069,14213,12378,1923,465,2429,323,2643,10541
Castle Point,E14000622,88011,84864,491,904,782,215,10,57,38,590,785
Central Suffolk and North Ipswich,E14000624,98935,93530,281,1877,1682,417,61,307,53,819,1465
Chelmsford,E14000628,105424,95825,826,2910,2590,425,73,604,124,1936,2861
Clacton,E14000642,85359,81690,692,1375,1269,333,9,316,42,433,741
Colchester,E14000644,108610,94179,565,5612,5088,1348,324,1110,269,2125,4761
Epping Forest,E14000693,95084,85240,833,3262,2700,310,235,459,123,1887,2773
Great Yarmouth,E14000717,97277,90922,380,3589,3394,321,645,535,40,705,1188
Harlow,E14000729,92163,82084,883,3485,3153,302,170,1028,153,2420,2629
Harwich and North Essex,E14000734,91170,85292,437,2287,2030,567,79,212,133,738,1685
Hemel Hempstead,E14000739,99084,87738,1037,2898,2609,408,57,673,180,2510,3692
Hertford and Stortford,E14000744,106711,97283,893,3989,3592,484,63,868,94,1346,1862
Hertsmere,E14000745,100031,83013,1498,5419,4594,402,142,943,616,4438,4307
Hitchin and Harpenden,E14000749,99607,88992,875,2987,2696,502,55,391,50,1918,2868
Huntingdon,E14000757,112664,100165,701,5160,4833,777,341,1918,73,1396,2628
Ipswich,E14000761,109003,94929,413,6604,6008,556,791,2151,206,1311,4271
Luton North,E14000800,98947,72148,2448,4620,4287,322,256,2137,143,4595,12606
Luton South,E14000801,110180,73717,2390,10322,9631,321,554,6075,263,4811,16920
Maldon,E14000806,88797,85014,458,1194,1049,240,26,199,40,641,865
Mid Bedfordshire,E14000813,100121,92261,840,2511,2270,490,49,308,44,1433,2100
Mid Norfolk,E14000816,99840,94120,372,2992,2839,642,196,673,46,593,896
North East Bedfordshire,E14000841,102716,95240,671,2604,2369,475,73,602,39,1416,1772
North East Cambridgeshire,E14000842,112376,102819,434,6268,6014,522,1756,1791,39,711,1124
North East Hertfordshire,E14000845,95286,87456,755,2416,2170,394,41,498,44,1157,2262
North Norfolk,E14000848,84645,81234,283,1507,1408,429,69,289,25,452,652
North West Cambridgeshire,E14000855,125061,111805,633,6481,6150,950,526,2173,68,1951,2250
North West Norfolk,E14000859,95124,87184,361,5039,4740,487,1636,709,32,547,1278
Norwich North,E14000863,87352,80960,308,3031,2784,351,356,989,97,993,1459
Norwich South,E14000864,96670,83600,516,4605,4049,620,335,712,125,1825,4773
Peterborough,E14000878,115414,86975,663,14151,13690,554,3222,4695,77,2766,9744
Rayleigh and Wickford,E14000888,97352,93521,505,1039,872,228,12,102,23,753,981
Rochford and Southend East,E14000899,100083,89685,700,4086,3570,429,135,1189,132,2231,2613
Saffron Walden,E14000910,101959,94769,567,2770,2513,486,23,545,93,1040,1638
South Basildon and East Thurrock,E14000933,96886,90627,584,1603,1377,265,103,281,59,1779,1636
South Cambridgeshire,E14000934,109807,96723,678,4729,4190,883,182,680,102,1807,3738
South East Cambridgeshire,E14000937,114779,101954,622,5113,4674,755,406,1368,122,1525,2714
South Norfolk,E14000941,98193,93440,259,1887,1734,455,45,411,35,768,1022
South Suffolk,E14000946,91752,87179,407,1816,1673,454,25,337,42,617,891
South West Bedfordshire,E14000949,102031,92848,1217,3231,2952,387,64,974,124,1885,1868
South West Hertfordshire,E14000951,105309,92421,1119,3548,3090,477,75,389,163,3039,3357
South West Norfolk,E14000952,103599,93543,412,5314,5098,666,685,1603,24,685,905
Southend West,E14000957,88884,81639,680,2320,1995,330,48,358,83,1482,2033
St Albans,E14000960,97663,82989,1304,4383,3884,477,34,808,90,2570,4359
Stevenage,E14000968,94192,83570,951,2913,2596,361,92,820,89,2225,3561
Suffolk Coastal,E14000981,98927,93114,409,2190,2040,575,101,359,79,894,1280
Thurrock,E14000995,116255,99137,760,5820,5090,335,620,2129,287,6204,3218
Watford,E14001021,114035,88856,1871,6741,6100,424,141,1890,454,5087,9553
Waveney,E14001022,102474,98589,329,1721,1562,327,41,308,91,482,876
Welwyn Hatfield,E14001027,105354,86871,1259,5394,4845,442,154,2000,203,4274,6249
West Suffolk,E14001034,113394,95505,787,5056,4739,707,294,1815,108,1106,1904
Witham,E14001045,88429,83756,499,1829,1693,373,52,560,51,755,941
Barking,E14000540,122313,81207,894,11277,8832,373,2792,1312,894,13691,13184
Battersea,E14000549,106709,69877,2125,12095,10516,1098,175,1329,122,6837,5887
Beckenham,E14000551,87011,75497,1010,3505,2820,315,118,416,128,2313,3091
Bermondsey and Old Southwark,E14000553,126522,73555,2331,15442,13066,1347,521,1669,380,14086,11255
Bethnal Green and Bow,E14000555,125351,74345,1566,12094,10516,1135,378,1069,196,5071,25985
Bexleyheath and Crayford,E14000558,87848,77267,805,2356,1873,212,178,304,74,3736,2891
Brent Central,E14000591,137438,62887,4705,19560,17821,583,533,5995,2160,15643,22703
Brent North,E14000592,128484,52329,2570,13761,12686,484,441,3708,3774,14827,40360
Brentford and Isleworth,E14000593,128556,73381,2437,14930,13065,785,521,5808,391,8825,24027
Bromley and Chislehurst,E14000604,88633,75143,904,4142,3363,403,237,561,145,2948,3704
Camberwell and Peckham,E14000615,125226,74079,1932,10796,9339,769,283,1556,253,20817,6739
Carshalton and Wallington,E14000621,95322,78409,1078,3946,3403,406,172,898,157,4093,6104
Chelsea and Fulham,E14000629,105697,59858,2226,18221,15480,1399,151,1001,211,5470,8942
Chingford and Woodford Green,E14000634,88149,70716,1147,6105,4460,271,410,803,438,3353,4514
Chipping Barnet,E14000636,111973,79273,2026,11285,8973,560,218,1663,484,6245,10811
Cities of London and Westminster,E14000639,110000,52849,1709,21106,16986,1694,214,930,274,6271,16875
Croydon Central,E14000654,114705,85060,1277,6392,5159,417,239,1430,253,8247,9239
Croydon North,E14000655,136044,80556,1465,10219,8969,695,437,2788,455,15439,18165
Croydon South,E14000656,112629,90278,1313,5043,4271,449,126,1015,172,5661,7442
Dagenham and Rainham,E14000657,102090,81429,1150,5432,4469,233,1475,608,431,7992,4538
Dulwich and West Norwood,E14000673,110542,74776,1857,10044,9060,793,188,1462,226,9246,4464
Ealing Central and Acton,E14000674,119419,63824,3188,19802,17420,957,446,7784,321,7526,17567
Ealing North,E14000675,121117,64790,2831,17742,16068,418,631,10337,531,9179,22465
"Ealing, Southall",E14000676,97913,46607,1646,7595,6836,437,215,3386,176,8304,30970
East Ham,E14000679,149842,66605,736,14293,12839,511,3566,2350,1852,13994,49823
Edmonton,E14000687,112059,63912,1261,20266,11202,298,319,2199,811,13728,7352
Eltham,E14000690,89759,71435,1215,5529,4465,358,595,667,258,4749,4687
Enfield North,E14000691,103053,74986,1310,12644,7020,299,236,1350,237,7055,4360
"Enfield, Southgate",E14000692,97354,63970,1811,16760,13209,393,320,2462,650,5452,6755
Erith and Thamesmead,E14000696,110151,76398,954,6581,5679,431,867,1090,392,15910,8016
Feltham and Heston,E14000701,125401,70663,1206,10652,9568,401,622,4547,438,10068,31085
Finchley and Golders Green,E14000703,120608,69469,1966,17738,14801,1115,411,3602,978,8388,18446
Greenwich and Woolwich,E14000718,112628,72287,1567,9980,7987,853,839,1151,432,12851,11424
Hackney North and Stoke Newington,E14000720,128036,79353,2025,17974,12239,1115,227,3075,326,9212,8989
Hackney South and Shoreditch,E14000721,118234,70677,1952,15912,10008,1170,277,1128,238,12294,7181
Hammersmith,E14000726,118236,65446,3374,16900,14071,1132,275,2414,310,9198,11689
Hampstead and Kilburn,E14000727,129989,70274,3707,18632,15032,1685,191,1837,435,9100,15449
Harrow East,E14000731,103761,55072,2218,8868,8025,505,200,1361,3377,14373,21162
Harrow West,E14000732,104165,55570,2200,9044,7927,761,315,2247,1190,10638,23985
Hayes and Harlington,E14000737,110133,65772,1535,7656,6745,552,596,2266,389,9435,23787
Hendon,E14000741,123805,69148,2028,15788,13369,629,447,3349,3013,12490,21387
Holborn and St Pancras,E14000750,135642,80993,3103,17140,13477,1626,152,1320,218,8263,16662
Hornchurch and Upminster,E14000751,102846,93617,966,2513,2039,219,365,373,166,2432,2494
Hornsey and Wood Green,E14000752,125689,79505,2644,21307,16200,1207,350,3924,688,7338,7399
Ilford North,E14000759,102589,70989,968,6967,5453,404,1231,723,651,5737,16013
Ilford South,E14000760,131035,69929,1227,8549,7189,499,1312,1374,985,10656,37643
Islington North,E14000763,103469,67652,3130,12844,9414,983,128,1061,161,6735,5646
Islington South and Finsbury,E14000764,102656,65443,2549,13445,9968,1107,117,688,182,5644,7636
Kensington,E14000768,117209,55888,2031,23353,19200,1931,177,1021,220,7515,15082
Kingston and Surbiton,E14000770,118002,85918,1466,8886,7620,1013,333,1580,190,4772,14094
Lewisham East,E14000787,102206,71549,1390,8137,6451,593,556,1197,282,7978,6130
Lewisham West and Penge,E14000788,105993,76640,1595,8590,7080,585,289,1708,276,8137,4733
"Lewisham, Deptford",E14000789,112827,68871,1608,11971,10046,904,578,2110,377,12270,8717
Leyton and Wanstead,E14000790,104183,59298,1515,15797,13852,503,1768,3660,2006,8709,13470
Mitcham and Morden,E14000823,103298,61690,1361,11561,10615,788,507,5013,453,9564,14028
Old Bexley and Sidcup,E14000869,86168,77625,822,2252,1821,186,129,299,68,1878,2806
Orpington,E14000872,88607,79747,661,2292,1921,301,93,258,55,1968,2814
Poplar and Limehouse,E14000882,128745,70317,1296,14255,11919,1183,762,1605,391,6271,30521
Putney,E14000887,93396,58721,1657,11201,9612,1233,228,2567,173,6804,7420
Richmond Park,E14000896,116846,81947,1798,11732,9873,2100,159,1365,180,4755,10158
Romford,E14000900,95894,85051,1136,3051,2554,185,461,443,233,2462,3148
"Ruislip, Northwood and Pinner",E14000906,93716,70682,1552,4698,4040,515,108,761,407,6178,8744
Streatham,E14000978,115046,70277,2077,15106,13951,834,271,4232,392,10643,5457
Sutton and Cheam,E14000984,94824,73981,1261,5491,4605,466,174,1202,200,4029,8305
Tooting,E14000998,106890,69824,1999,10194,9317,1016,217,2918,192,8023,9813
Tottenham,E14001002,129237,61723,2176,31108,21872,677,605,6941,1686,14289,8901
Twickenham,E14001005,112202,88540,2012,7509,6242,1000,135,1243,139,3741,6436
Uxbridge and South Ruislip,E14001007,101217,76770,1772,5676,4856,481,252,1476,271,4500,10784
Vauxhall,E14001008,114033,67266,2507,14209,12828,956,200,1485,156,11145,6219
Walthamstow,E14001013,111263,63402,1222,17173,14300,597,1606,4143,2036,9067,14703
West Ham,E14001032,158142,75965,1178,22116,20054,523,4782,3792,2964,18943,32801
Westminster North,E14001036,116771,54228,2154,18934,15052,1428,214,1009,278,8901,20563
Wimbledon,E14001040,96395,62600,1717,9517,8075,992,156,1882,200,7511,10151
Aldershot,E14000530,103922,86364,694,4227,3854,1345,53,721,146,2270,9022
Arundel and South Downs,E14000534,97267,90787,539,2158,1947,452,35,217,32,1147,1375
Ashford,E14000536,112940,102220,597,3646,3275,559,122,992,77,1638,3791
Aylesbury,E14000538,108027,93940,869,4159,3850,622,41,1055,187,2471,5126
Banbury,E14000539,117928,104750,721,5457,5124,875,63,2173,146,1782,3062
Basingstoke,E14000545,107996,93986,844,4691,4340,656,81,1806,83,2361,4926
Beaconsfield,E14000550,99387,86072,1110,3650,3264,533,41,580,77,2184,4207
Bexhill and Battle,E14000557,100727,94448,613,2007,1755,438,15,173,44,1019,1493
Bognor Regis and Littlehampton,E14000576,98433,88775,542,5765,5422,467,559,2474,110,923,1570
Bracknell,E14000586,104849,91633,757,4167,3684,722,90,731,119,2863,4036
"Brighton, Kemptown",E14000597,91567,79439,867,4417,3896,604,140,607,55,2062,3232
"Brighton, Pavilion",E14000598,103593,87129,920,6769,5980,801,185,728,93,2210,4095
Buckingham,E14000608,97184,90092,623,2190,1964,480,14,244,57,1391,1542
Canterbury,E14000619,109280,94759,712,5817,5086,860,131,529,417,1979,4242
Chatham and Aylesford,E14000626,97281,87923,538,3908,3621,450,275,759,81,1915,2341
Chesham and Amersham,E14000631,92635,82386,808,3148,2796,414,47,599,100,1695,2899
Chichester,E14000633,104374,95867,562,3245,2992,726,92,690,69,1236,1952
Crawley,E14000652,106597,84999,831,6678,6144,489,462,1720,191,5371,7476
Dartford,E14000659,103200,91934,673,3591,3239,335,232,1069,121,2785,3401
Dover,E14000670,97620,90339,440,3308,3089,721,113,478,38,721,1941
East Hampshire,E14000680,95282,86763,465,3105,2873,828,52,617,99,1541,2067
East Surrey,E14000681,105074,95232,796,3072,2707,426,65,446,99,2175,2368
East Worthing and Shoreham,E14000682,96024,88972,586,2461,2134,401,77,308,42,1168,2082
Eastbourne,E14000684,106852,94574,903,5611,4990,690,159,1175,68,1571,2945
Eastleigh,E14000685,103763,96530,417,2454,2284,542,28,547,64,1340,2114
Epsom and Ewell,E14000694,104197,89100,1116,3961,3552,407,106,520,83,3217,5084
Esher and Walton,E14000697,109074,90041,1152,5806,5076,811,107,823,112,3554,4507
Fareham,E14000699,97504,91921,378,2070,1927,534,24,229,39,927,1418
Faversham and Mid Kent,E14000700,92804,86914,428,2401,2161,428,94,483,113,975,1270
Folkestone and Hythe,E14000704,112985,102760,699,3770,3424,811,59,436,96,1108,3767
Gillingham and Rainham,E14000711,98830,88730,676,3333,2989,626,241,543,82,1800,3609
Gosport,E14000713,96699,90974,330,2354,2167,600,21,397,34,808,1373
Gravesham,E14000715,101720,87419,657,5202,4786,397,665,1242,117,2065,5571
Guildford,E14000719,105647,87637,745,6328,5513,718,79,951,105,2679,5895
Hastings and Rye,E14000735,107984,99153,646,3424,2943,511,123,540,87,1338,2382
Havant,E14000736,91875,87170,358,1834,1682,494,24,185,82,728,1158
Henley,E14000742,97812,88868,652,3337,3013,676,32,542,100,1431,1724
Horsham,E14000753,103692,94559,597,3224,2911,535,56,376,165,1661,2325
Hove,E14000755,99753,83749,1043,6161,5435,709,164,1051,75,2885,3719
Isle of Wight,E14000762,138265,131068,651,2793,2576,664,34,499,117,959,1696
Lewes,E14000786,88192,81942,529,2232,2007,477,25,233,38,961,1340
Maidenhead,E14000803,101770,86101,1008,4843,4359,570,62,1069,100,2463,5374
Maidstone and The Weald,E14000804,100048,89064,547,4413,3995,481,292,1225,102,1546,3386
Meon Valley,E14000811,89863,84783,346,1711,1564,452,12,140,37,901,1269
Mid Sussex,E14000817,105781,94946,742,3534,3188,574,36,460,127,1929,3037
Milton Keynes North,E14000821,121798,98082,895,6896,6404,908,423,2158,192,6921,7226
Milton Keynes South,E14000822,127023,104603,1149,5782,5390,829,237,1607,158,6568,7096
Mole Valley,E14000824,95033,85476,641,3129,2761,474,45,485,63,1867,2202
New Forest East,E14000827,92346,87207,329,1875,1719,541,21,265,24,956,1073
New Forest West,E14000828,84116,78609,416,1978,1826,436,41,382,57,997,1236
Newbury,E14000830,107491,97656,709,3680,3374,676,65,935,79,1823,2224
North East Hampshire,E14000844,96089,87406,559,2920,2690,803,15,325,91,1725,2130
North Thanet,E14000852,93505,87780,604,2387,2061,432,74,327,58,804,1301
North West Hampshire,E14000857,100986,92848,513,3520,3301,1221,64,595,54,1288,1696
Oxford East,E14000873,120705,87327,1408,11307,9608,1420,364,2389,247,4412,11202
Oxford West and Abingdon,E14000874,105985,86859,830,7235,6096,1297,57,930,180,2056,5099
Portsmouth North,E14000883,97425,90011,337,2628,2425,442,87,666,135,1188,2616
Portsmouth South,E14000884,107631,90021,525,6203,5496,740,195,1328,221,2997,6550
Reading East,E14000889,108794,82302,1088,6952,6119,811,123,1794,183,4170,11780
Reading West,E14000890,101477,83355,1006,5654,5044,505,136,2386,90,3713,5695
Reigate,E14000893,100833,88193,870,3721,3315,453,60,568,181,2582,3797
Rochester and Strood,E14000898,105271,95497,685,3157,2801,630,112,507,77,1856,3207
Romsey and Southampton North,E14000901,88240,76815,370,3565,3232,583,77,967,103,1586,4733
Runnymede and Weybridge,E14000907,102311,83800,1154,5930,5064,709,102,737,220,2883,5447
Sevenoaks,E14000918,93431,85392,581,2674,2373,415,42,409,70,1553,1728
Sittingbourne and Sheppey,E14000927,108105,102001,580,2813,2580,445,249,782,82,1045,1091
Slough,E14000930,134048,81424,1318,13117,12438,487,257,8048,422,8736,27424
South Thanet,E14000948,96600,87873,597,4549,4094,556,215,882,77,1005,1710
South West Surrey,E14000953,103129,91959,691,3996,3538,711,44,462,66,1889,2489
"Southampton, Itchen",E14000955,102731,90296,562,5290,4921,538,126,2292,123,1935,3524
"Southampton, Test",E14000956,105955,83705,662,9573,9083,628,190,5292,176,2824,7674
Spelthorne,E14000959,95598,82129,1087,3881,3439,404,142,972,155,2450,4805
Surrey Heath,E14000983,105624,92471,833,3735,3337,859,22,490,93,2355,4608
Tonbridge and Malling,E14000997,98975,91548,505,2410,2139,402,51,366,56,1412,1842
Tunbridge Wells,E14001004,105070,94424,625,4094,3712,470,84,1059,104,1747,2707
Wantage,E14001015,106589,97206,596,3817,3520,936,49,669,128,1599,1917
Wealden,E14001023,101372,93874,492,2819,2525,625,18,289,112,1227,1654
Winchester,E14001041,97303,87471,528,3259,2976,858,20,527,74,1526,2917
Windsor,E14001042,102327,84602,1086,5705,4955,868,121,1024,140,3284,4777
Witney,E14001046,104779,96293,599,3316,3088,764,28,781,80,1408,1591
Woking,E14001047,105870,85419,885,6145,5523,775,69,1127,152,3377,7844
Wokingham,E14001048,101114,88517,657,3322,2908,689,44,448,83,2354,4755
Worthing West,E14001055,94724,86669,634,2910,2608,434,184,505,42,1297,2285
Wycombe,E14001056,108050,87498,792,5017,4552,517,115,1865,164,2595,9393
Bath,E14000547,88859,76623,549,4676,4231,705,62,992,92,1214,3807
Bournemouth East,E14000584,102152,85947,629,7781,6901,723,185,2850,213,1958,3959
Bournemouth West,E14000585,98968,86075,548,5743,4969,722,143,1584,115,1531,3400
Bridgwater and West Somerset,E14000595,106450,100908,383,3214,3043,460,262,1141,50,495,844
Bristol East,E14000599,95368,83248,529,4204,3858,397,133,1628,169,2352,3461
Bristol North West,E14000600,100809,87282,722,4880,4476,554,75,1757,89,2289,3969
Bristol South,E14000601,107365,98437,640,3959,3751,447,125,1479,81,1288,1951
Bristol West,E14000602,124692,96141,1009,8299,7601,931,160,1551,248,6929,7502
Camborne and Redruth,E14000616,85436,81883,238,1657,1545,323,305,364,17,441,680
Central Devon,E14000623,88926,84538,309,1757,1620,406,30,412,35,667,826
Cheltenham,E14000630,104867,92855,764,5004,4574,719,28,1767,80,1574,2948
Chippenham,E14000635,96336,89698,441,2999,2796,941,22,618,57,861,1365
Christchurch,E14000638,83596,78971,487,1556,1412,436,18,203,27,834,1064
Devizes,E14000665,97028,88287,422,3567,3354,1922,26,355,28,1404,1679
East Devon,E14000678,93956,88940,385,1995,1851,454,45,327,39,760,1108
Exeter,E14000698,105998,93793,436,4532,4012,659,163,1231,90,1326,4676
Filton and Bradley Stoke,E14000702,92651,83152,442,3414,3176,439,115,1177,88,1298,3352
Forest of Dean,E14000705,86167,82832,257,1353,1240,386,12,322,30,551,608
Gloucester,E14000712,112156,99989,680,4735,4440,681,79,1904,86,1804,3336
Kingswood,E14000774,87190,83282,287,1495,1360,301,58,333,42,654,955
Mid Dorset and North Poole,E14000815,80793,76676,286,1617,1501,545,39,238,24,643,918
Newton Abbot,E14000835,85699,81885,305,1524,1388,389,36,296,38,553,889
North Cornwall,E14000837,87562,83583,249,1847,1751,341,17,615,22,485,792
North Devon,E14000838,93667,89481,307,1760,1665,470,117,298,48,577,942
North Dorset,E14000839,95831,89905,347,2553,2396,843,47,585,42,828,1329
North East Somerset,E14000846,87157,83035,309,1420,1298,323,15,302,20,660,1014
North Somerset,E14000850,98278,93304,435,1885,1719,390,33,393,17,822,1017
North Swindon,E14000851,107337,97370,695,3552,3242,627,43,1153,72,1534,3089
North Wiltshire,E14000860,88566,82504,396,2245,2084,890,7,194,29,986,1406
"Plymouth, Moor View",E14000879,91528,87263,258,1839,1752,482,57,417,63,525,1196
"Plymouth, Sutton and Devonport",E14000880,110199,98333,550,5624,5186,792,143,1819,280,1467,3102
Poole,E14000881,95242,86846,497,3658,3338,640,69,1240,105,1070,2207
Salisbury,E14000912,91498,83918,434,3264,3056,1269,27,610,43,1049,1792
Somerton and Frome,E14000932,103233,97243,377,2551,2390,578,24,738,58,918,1121
South Dorset,E14000936,91999,86898,395,2330,2166,750,16,488,47,614,983
South East Cornwall,E14000938,88096,84560,270,1489,1400,423,18,304,11,442,696
South Swindon,E14000947,101819,84845,849,5061,4551,679,105,1761,72,2031,7682
South West Devon,E14000950,88825,85157,303,1457,1378,436,8,142,30,508,821
South West Wiltshire,E14000954,97553,89501,425,4225,4010,1218,26,1769,41,944,1434
St Austell and Newquay,E14000961,99026,94962,326,1829,1714,443,77,344,31,535,723
St Ives,E14000964,85067,81208,297,1562,1468,414,139,266,21,475,707
Stroud,E14000980,99816,94382,395,2391,2210,553,13,533,48,791,866
Taunton Deane,E14000988,110187,102384,427,3551,3308,600,167,1353,98,998,1890
Tewkesbury,E14000990,98134,91519,539,2947,2783,732,26,906,47,939,1256
The Cotswolds,E14000991,95844,89299,494,2375,2192,572,19,386,43,1069,1259
Thornbury and Yate,E14000994,82926,79036,321,1577,1446,347,14,318,44,594,791
Tiverton and Honiton,E14000996,97830,93091,321,1997,1896,417,102,620,35,677,1000
Torbay,E14000999,97132,91301,504,2640,2470,476,58,878,56,711,1310
Torridge and West Devon,E14001000,97183,93451,288,1400,1299,365,20,189,36,597,788
Totnes,E14001001,82799,78662,323,1623,1496,419,39,225,27,631,747
Truro and Falmouth,E14001003,89289,84539,329,1723,1555,383,45,243,50,756,1103
Wells,E14001026,103319,97385,445,2681,2477,447,69,633,76,746,1180
West Dorset,E14001031,95460,90072,431,1808,1630,534,19,222,28,767,1351
Weston-Super-Mare,E14001038,104288,97505,524,3400,3167,523,207,1204,79,806,1447
Yeovil,E14001060,106783,100291,357,3422,3293,531,61,1422,95,689,1293
Ynys Mon,W07000041,69751,67344,439,814,747,271,17,102,12,277,555
Delyn,W07000042,70001,67483,282,1328,1263,274,60,556,14,218,409
Alyn and Deeside,W07000043,82505,78595,351,2251,2169,377,162,782,200,294,693
Wrexham,W07000044,70741,64588,271,3508,3397,261,41,2217,36,484,1616
Llanelli,W07000045,81245,77462,258,2158,2077,263,11,1379,30,243,836
Gower,W07000046,77819,75090,273,903,830,237,27,122,38,355,800
Swansea West,W07000047,80668,70993,405,2371,2050,335,62,532,58,1402,4860
Swansea East,W07000048,80536,75707,265,1651,1483,230,60,691,20,695,1984
Aberavon,W07000049,66133,64237,244,587,536,157,2,132,12,185,649
Cardiff Central,W07000050,88097,71423,637,4481,4116,504,91,961,84,2035,8408
Cardiff North,W07000051,88114,80543,422,2070,1909,331,30,382,45,1012,3400
Rhondda,W07000052,69576,68130,62,463,407,159,10,68,9,282,518
Torfaen,W07000053,81108,79004,246,649,573,228,6,114,9,221,746
Monmouth,W07000054,83733,79895,343,1386,1285,402,16,208,53,555,954
Newport East,W07000055,77892,72255,307,1803,1627,255,84,355,96,813,2311
Newport West,W07000056,85401,78165,452,2041,1862,276,112,457,49,1147,3065
Arfon,W07000057,60573,56454,291,1112,1014,262,19,184,20,385,1967
Aberconwy,W07000058,56415,53839,418,1050,969,166,15,333,29,270,499
Clwyd West,W07000059,73920,70956,421,975,856,285,10,171,10,327,850
Vale of Clwyd,W07000060,71101,68078,406,964,872,284,21,213,13,320,1034
Dwyfor Meirionnydd,W07000061,61301,59505,195,748,691,153,28,243,16,171,389
Clwyd South,W07000062,71629,69040,181,1346,1262,234,13,515,15,296,478
Montgomeryshire,W07000063,63779,61339,182,1283,1226,204,9,602,12,257,357
Ceredigion,W07000064,75922,71352,336,2160,1944,372,34,711,34,473,1032
Preseli Pembrokeshire,W07000065,76587,73139,490,1298,1219,426,12,199,31,383,870
Carmarthen West and South Pembrokeshire,W07000066,77338,73673,417,1588,1474,415,21,451,66,367,887
Carmarthen East and Dinefwr,W07000067,71046,68762,244,1000,923,228,5,324,26,242,462
Brecon and Radnorshire,W07000068,69197,66045,236,1178,1093,326,33,233,55,336,925
Neath,W07000069,73679,71979,195,590,541,163,1,155,26,191,459
Cynon Valley,W07000070,68952,67074,150,700,623,169,9,222,7,318,564
Merthyr Tydfil and Rhymney,W07000071,75220,72318,118,1748,1705,150,10,1050,18,215,644
Blaenau Gwent,W07000072,69814,68312,94,755,682,141,5,330,28,161,394
Bridgend,W07000073,79873,76201,272,1624,1539,292,107,652,33,397,1029
Ogmore,W07000074,74738,72978,180,676,614,227,12,150,22,229,428
Pontypridd,W07000075,80449,76846,239,962,886,236,14,216,18,842,1263
Caerphilly,W07000076,86980,84593,223,990,937,300,19,211,42,266,617
Islwyn,W07000077,75408,73850,118,691,633,240,10,131,33,147,390
Vale of Glamorgan,W07000078,97733,93408,353,1649,1504,581,31,174,25,521,1098
Cardiff West,W07000079,91027,81707,579,2573,2400,328,49,556,69,1485,3813
Cardiff South and Penarth,W07000080,107455,93223,580,3755,3422,466,75,939,82,3189,5676
Aberdeen North,S14000001,99654,80833,598,8939,8321,818,545,4037,167,3007,4727
Aberdeen South,S14000002,93197,78570,718,6069,5445,551,256,2140,116,2277,3511
Airdrie and Shotts,S14000003,85845,83605,136,1092,1059,121,17,702,5,213,530
Angus,S14000004,86004,82010,170,2282,2111,382,44,829,23,374,627
Argyll and Bute,S14000005,88166,83864,327,1886,1717,347,32,467,54,478,695
"Ayr, Carrick and Cumnock",S14000006,93308,90565,255,1168,1046,275,3,304,18,246,587
Banff and Buchan,S14000007,91325,85490,143,4273,4049,324,882,1692,27,307,606
"Berwickshire, Roxburgh and Selkirk",S14000008,94683,89869,341,2438,2298,399,135,975,20,613,701
"Caithness, Sutherland and Easter Ross",S14000009,62229,59921,121,1182,1117,261,24,500,11,250,319
Central Ayrshire,S14000010,88079,85711,227,854,773,263,5,145,7,311,554
"Coatbridge, Chryston and Bellshill",S14000011,95165,92627,280,1049,1002,134,6,652,4,248,698
"Cumbernauld, Kilsyth and Kirkintilloch East",S14000012,87012,84477,227,887,812,167,12,395,6,371,693
Dumfries and Galloway,S14000013,97064,93519,325,1649,1490,421,47,551,29,396,670
"Dumfriesshire, Clydesdale and Tweeddale",S14000014,86319,83061,234,1475,1344,304,25,545,23,407,541
Dundee East,S14000015,88016,82893,207,2100,1956,407,58,825,32,626,1586
Dundee West,S14000016,89226,79874,445,3583,3326,587,143,1066,73,1378,3208
Dunfermline and West Fife,S14000017,98318,93980,278,1844,1664,476,36,479,83,588,1009
East Dunbartonshire,S14000018,82115,78154,354,791,646,169,5,76,6,464,1765
"East Kilbride, Strathaven and Lesmahagow",S14000019,100477,97070,320,945,856,234,9,218,19,485,1081
East Lothian,S14000020,99717,94414,490,2365,2127,443,108,721,23,645,941
East Renfrewshire,S14000021,90574,86218,406,891,774,175,7,183,20,418,2114
Edinburgh East,S14000022,95314,77096,956,7977,7157,678,158,2946,173,1331,5120
Edinburgh North and Leith,S14000023,106183,85680,1374,9114,8394,822,150,3971,115,2107,4937
Edinburgh South,S14000024,86184,72984,942,4553,4039,781,59,1024,73,1231,4264
Edinburgh South West,S14000025,99236,83496,916,6134,5567,823,109,2434,75,2000,5033
Edinburgh West,S14000026,89709,81672,555,3008,2758,422,30,1276,41,1015,2392
Falkirk,S14000028,108955,105111,298,1524,1399,291,79,586,7,492,1032
Glasgow Central,S14000029,91257,68767,1179,5287,4715,464,126,1576,210,2634,12013
Glasgow East,S14000030,87402,82706,276,2160,2039,124,52,1398,47,817,1184
Glasgow North,S14000031,71636,59680,662,3482,3077,512,65,605,54,1538,4889
Glasgow North East,S14000032,85854,76376,428,2223,1906,196,81,970,19,3096,3370
Glasgow North West,S14000033,85882,77423,504,2292,1996,274,21,967,17,1833,3034
Glasgow South,S14000034,87852,79551,823,2012,1769,225,46,679,63,1089,3709
Glasgow South West,S14000035,83979,76709,472,2162,1982,153,35,1382,50,1270,2977
Glenrothes,S14000036,89315,86182,197,1440,1329,442,21,458,8,338,747
Gordon,S14000037,99880,94374,240,2168,1916,382,98,658,34,849,1359
Inverclyde,S14000038,81485,79356,212,691,624,163,1,102,3,223,512
"Inverness, Nairn, Badenoch and Strathspey",S14000039,101936,94622,342,4159,3944,584,76,2045,46,659,1130
Kilmarnock and Loudoun,S14000040,96810,94388,222,824,762,255,10,178,10,329,550
Kirkcaldy and Cowdenbeath,S14000041,96959,92016,236,2618,2459,411,38,1327,20,557,1060
Lanark and Hamilton East,S14000042,97513,94598,251,1070,966,220,7,260,20,343,829
Linlithgow and East Falkirk,S14000043,112273,107429,280,2692,2564,400,85,1262,21,620,703
Livingston,S14000044,109880,103078,326,3636,3453,533,45,2060,29,803,1474
Midlothian,S14000045,83187,79836,277,1421,1302,381,42,377,34,474,649
Moray,S14000046,93295,88412,217,2883,2642,857,52,877,21,390,703
Motherwell and Wishaw,S14000047,91999,88673,172,1591,1514,168,50,1030,22,341,891
Na h-Eileanan An Iar,S14000027,27684,26880,50,317,272,83,0,55,3,75,156
North Ayrshire and Arran,S14000048,95515,92991,291,951,852,296,5,161,12,315,413
North East Fife,S14000049,80606,72327,321,3012,2577,881,32,440,46,584,1944
Ochil and South Perthshire,S14000050,100504,95539,316,2295,2119,498,48,781,38,670,860
Orkney and Shetland,S14000051,44516,42635,192,882,790,156,21,230,12,165,315
Paisley and Renfrewshire North,S14000052,88516,85154,325,1025,937,167,10,436,27,476,1098
Paisley and Renfrewshire South,S14000053,86392,82258,360,1676,1560,253,19,738,16,695,961
Perth and North Perthshire,S14000054,97590,90184,414,3973,3786,478,74,1917,123,673,1468
"Ross, Skye and Lochaber",S14000055,67967,64417,218,1819,1703,324,45,515,31,378,491
Rutherglen and Hamilton West,S14000056,102968,99051,386,1293,1186,205,24,525,11,519,1296
Stirling,S14000057,90247,83851,360,2405,2181,499,46,512,27,606,1954
West Aberdeenshire and Kincardine,S14000058,91710,86016,251,2212,1948,422,23,621,43,683,1255
West Dunbartonshire,S14000059,90720,87876,509,886,793,193,5,350,20,422,595
Belfast East,N06000001,92221,85804,1086,2688,2549,272,91,1424,62,497,1466
Belfast North,N06000002,102531,96664,1271,2303,2205,223,88,1224,32,433,1231
Belfast South,N06000003,111402,97539,3304,4304,4026,345,132,1942,140,998,3913
Belfast West,N06000004,93986,90334,1298,912,838,103,68,344,35,203,801
East Antrim,N06000005,90067,86374,962,1103,987,204,48,296,34,308,793
East Londonderry,N06000006,99673,94800,1686,1775,1697,258,46,1060,22,204,655
Fermanagh & South Tyrone,N06000007,102553,89966,5120,5491,5418,140,1943,1960,36,234,1224
Foyle,N06000008,100807,93495,4294,1322,1258,180,72,599,16,170,935
Lagan Valley,N06000009,101710,96033,1390,2242,2097,430,331,777,70,400,962
Mid Ulster,N06000010,99155,93871,1254,3108,3038,71,754,922,29,144,303
Newry & Armagh,N06000011,112401,101603,4740,4738,4583,128,1419,1967,40,151,515
North Antrim,N06000012,108207,103267,960,2848,2770,203,48,1413,338,187,475
North Down,N06000013,89498,84668,1311,1391,1285,371,56,357,41,473,846
South Antrim,N06000014,99238,94367,1000,2184,2093,273,336,872,40,311,836
South Down,N06000015,108835,102805,2424,2225,2129,141,427,966,38,210,429
Strangford,N06000016,89370,85988,891,1293,1194,238,206,323,29,211,485
Upper Bann,N06000017,118010,109104,1476,5407,5280,233,1123,2309,43,366,1095
West Tyrone,N06000018,91199,84995,3366,1912,1882,95,153,903,49,81,329