geography,geography code,Working Age Pop,Economically active,Employed,Unemployed,Full-time student,Never worked,Long-term unemployed
Berwick-upon-Tweed,E14000554,56276,37816,34476,2286,1054,249,851
Bishop Auckland,E14000569,64422,41869,37683,2977,1209,529,1178
Blaydon,E14000574,64923,44321,39915,2685,1721,394,1034
Blyth Valley,E14000575,61181,41577,37007,3051,1519,447,1218
City of Durham,E14000641,73896,43755,37743,2411,3601,401,959
Darlington,E14000658,66190,46018,40591,3732,1695,593,1516
Easington,E14000677,61056,38462,33830,3277,1355,647,1262
Gateshead,E14000709,70470,47054,40945,4186,1923,743,1686
Hartlepool,E14000733,66804,43513,36532,5194,1787,969,2089
Hexham,E14000746,55819,38765,35991,1526,1248,174,579
Houghton and Sunderland South,E14000754,64291,41901,36887,3430,1584,621,1337
Jarrow,E14000765,61131,41641,36473,3501,1667,567,1382
Middlesbrough,E14000819,68251,41991,32845,5715,3431,1371,2315
Middlesbrough South and East Cleveland,E14000820,67850,44182,38433,3995,1754,723,1653
Newcastle upon Tyne Central,E14000831,69266,42109,33952,4163,3994,1035,1637
Newcastle upon Tyne East,E14000832,77769,46812,34799,3629,8384,734,1398
Newcastle upon Tyne North,E14000833,65829,44927,40027,2860,2040,467,1084
North Durham,E14000840,64703,43523,38869,3075,1579,545,1240
North Tyneside,E14000853,75995,53720,47397,4243,2080,661,1783
North West Durham,E14000856,68240,46035,41744,2867,1424,444,1148
Redcar,E14000891,63627,40939,34815,4454,1670,840,1794
Sedgefield,E14000915,61924,40882,36853,2676,1353,459,1034
South Shields,E14000944,60536,39813,33750,4192,1871,771,1682
Stockton North,E14000970,67112,44301,37844,4626,1831,883,1968
Stockton South,E14000971,73542,51958,46094,3449,2415,581,1377
Sunderland Central,E14000982,75066,48740,40566,4623,3551,976,1767
Tynemouth,E14001006,71894,50522,45402,3061,2059,378,1182
Wansbeck,E14001014,59948,40110,35337,3466,1307,665,1380
Washington and Sunderland West,E14001020,66195,44826,39109,3963,1754,752,1574
Altrincham and Sale West,E14000532,69014,50636,46643,2098,1895,217,814
Ashton-under-Lyne,E14000537,66539,45196,40021,3399,1776,514,1382
Barrow and Furness,E14000543,65815,43876,39625,2766,1485,387,1017
Birkenhead,E14000559,64665,41686,35640,4442,1604,792,1952
Blackburn,E14000570,74626,45889,39098,4363,2428,924,1761
Blackley and Broughton,E14000571,77907,48083,39408,5320,3355,1281,2021
Blackpool North and Cleveleys,E14000572,60126,39412,34565,3037,1810,323,1245
Blackpool South,E14000573,59779,39629,33988,3814,1827,520,1507
Bolton North East,E14000578,69244,45662,39870,3636,2156,635,1470
Bolton South East,E14000579,72548,47102,40473,4213,2416,865,1717
Bolton West,E14000580,69893,49352,44627,2787,1938,411,1056
Bootle,E14000581,72196,48022,40594,5166,2262,921,2249
Burnley,E14000609,63376,41879,36907,3342,1630,527,1352
Bury North,E14000611,63853,44510,40119,2687,1704,477,991
Bury South,E14000612,70834,50170,45172,3082,1916,491,1215
Carlisle,E14000620,63615,45643,40962,2426,2255,295,963
Cheadle,E14000627,65139,46081,42196,1871,2014,187,700
Chorley,E14000637,70407,50598,46369,2405,1824,285,914
City of Chester,E14000640,69629,48858,43035,2422,3401,247,933
Congleton,E14000646,67797,47146,43371,2095,1680,224,825
Copeland,E14000647,60244,40680,37223,2386,1071,416,860
Crewe and Nantwich,E14000653,78699,55447,49440,3123,2884,409,1275
Denton and Reddish,E14000661,63408,44937,40391,2921,1625,441,1156
Eddisbury,E14000686,62580,43497,39719,2082,1696,281,741
Ellesmere Port and Neston,E14000688,64039,44678,40177,2535,1966,305,973
Fylde,E14000706,59057,39942,36493,1790,1659,161,659
Garston and Halewood,E14000708,71482,47335,40785,4439,2111,798,1763
Halton,E14000725,69996,47952,42134,3914,1904,617,1513
Hazel Grove,E14000738,57080,39823,36428,1931,1464,195,736
Heywood and Middleton,E14000747,75991,52241,46045,4262,1934,628,1669
Hyndburn,E14000758,66827,44940,39913,3040,1987,499,1131
Knowsley,E14000775,75451,48682,41185,5171,2326,1030,2144
Lancaster and Fleetwood,E14000776,66158,41273,34580,2128,4565,269,817
Leigh,E14000785,76775,53568,47903,3637,2028,532,1492
"Liverpool, Riverside",E14000793,95914,56528,41183,5465,9880,1082,2204
"Liverpool, Walton",E14000794,68605,43465,35704,5509,2252,1094,2384
"Liverpool, Wavertree",E14000795,69659,45642,37053,4631,3958,934,1855
"Liverpool, West Derby",E14000796,65966,43685,36603,4801,2281,966,2006
Macclesfield,E14000802,68502,49105,45350,2044,1711,218,785
Makerfield,E14000805,73370,50732,45699,3079,1954,468,1160
Manchester Central,E14000807,107297,64952,48740,6034,10178,1441,2273
"Manchester, Gorton",E14000808,83400,49593,37060,4938,7595,1169,1835
"Manchester, Withington",E14000809,78360,54766,46237,3188,5341,525,1161
Morecambe and Lunesdale,E14000825,62983,42524,38490,2424,1610,358,967
Oldham East and Saddleworth,E14000870,72789,49047,43274,3753,2020,685,1382
Oldham West and Royton,E14000871,71859,46755,40211,4274,2270,805,1588
Pendle,E14000875,64440,42765,37965,3012,1788,515,1194
Penrith and The Border,E14000877,60270,43939,41030,1377,1532,123,476
Preston,E14000885,71152,46371,37086,3883,5402,655,1604
Ribble Valley,E14000894,70920,51585,47854,1682,2049,156,552
Rochdale,E14000897,76751,48762,41776,4785,2201,986,1852
Rossendale and Darwen,E14000902,71395,50508,45645,2950,1913,407,1161
Salford and Eccles,E14000911,84084,57903,48500,4214,5189,719,1648
Sefton Central,E14000916,61718,41513,37511,2004,1998,248,716
South Ribble,E14000943,72167,51088,46970,2065,2053,244,758
Southport,E14000958,64283,43477,38980,2538,1959,291,1050
St Helens North,E14000962,71452,47482,42132,3529,1821,627,1460
St Helens South and Whiston,E14000963,74086,49189,43239,4001,1949,728,1666
Stalybridge and Hyde,E14000967,67523,46785,41883,3308,1594,531,1366
Stockport,E14000969,62197,45086,40215,3258,1613,442,1352
Stretford and Urmston,E14000979,71075,50317,44429,3319,2569,506,1283
Tatton,E14000987,60861,43312,40142,1778,1392,186,631
Wallasey,E14001010,65156,43562,38121,3876,1565,706,1559
Warrington North,E14001017,70982,50491,45050,3178,2263,383,1259
Warrington South,E14001018,78479,57274,52224,2783,2267,280,1004
Weaver Vale,E14001024,64713,45447,40936,2849,1662,342,1080
West Lancashire,E14001033,69801,47303,41213,2889,3201,398,1201
Westmorland and Lonsdale,E14001037,61119,43417,40703,1123,1591,56,409
Wigan,E14001039,75388,51298,45233,4044,2021,558,1686
Wirral South,E14001043,51974,35100,31944,1798,1358,230,688
Wirral West,E14001044,49056,32892,29838,1823,1231,266,666
Workington,E14001053,57817,39600,36096,2268,1236,348,889
Worsley and Eccles South,E14001054,71419,49477,43606,3743,2128,618,1596
Wyre and Preston North,E14001057,64146,45057,41533,1349,2175,153,456
Wythenshawe and Sale East,E14001059,76299,53691,47338,4203,2150,698,1849
Barnsley Central,E14000541,63572,42718,37849,3393,1476,621,1432
Barnsley East,E14000542,66223,43622,38434,3722,1466,739,1510
Batley and Spen,E14000548,77762,53373,47556,3841,1976,695,1540
Beverley and Holderness,E14000556,73717,50587,46092,2545,1950,302,1012
Bradford East,E14000587,77094,49499,41143,5718,2638,1652,2208
Bradford South,E14000588,71834,49275,42875,4430,1970,847,1878
Bradford West,E14000589,79162,46646,37087,5515,4044,1693,2078
Brigg and Goole,E14000596,63791,44833,40711,2717,1405,399,1041
Calder Valley,E14000614,76165,54702,49785,3132,1785,360,1248
Cleethorpes,E14000643,68295,46841,42015,3160,1666,450,1252
Colne Valley,E14000645,79852,56764,51336,3209,2219,533,1265
Dewsbury,E14000666,79198,52832,46864,3459,2509,679,1376
Don Valley,E14000667,72408,47260,42170,3624,1466,624,1407
Doncaster Central,E14000668,76661,52861,46392,4688,1781,783,1778
Doncaster North,E14000669,71808,47649,41744,4385,1520,731,1751
East Yorkshire,E14000683,73509,48302,43641,2904,1757,363,1170
Elmet and Rothwell,E14000689,72643,50568,46732,1950,1886,229,715
Great Grimsby,E14000716,64007,43686,36862,5054,1770,767,2209
Halifax,E14000723,72601,50191,43826,4262,2103,746,1761
Haltemprice and Howden,E14000724,65019,45633,41753,1822,2058,199,622
Harrogate and Knaresborough,E14000730,73052,54664,50542,2029,2093,182,747
Hemsworth,E14000740,68960,45185,40662,3226,1297,526,1236
Huddersfield,E14000756,70382,46545,38575,3956,4014,765,1669
Keighley,E14000766,68622,47648,42557,3028,2063,543,1230
Kingston upon Hull East,E14000771,66982,45953,38910,5313,1730,883,2421
Kingston upon Hull North,E14000772,71438,46269,37175,5316,3778,984,2399
Kingston upon Hull West and Hessle,E14000773,63136,44118,37259,5074,1785,800,2339
Leeds Central,E14000777,104034,66501,50219,7020,9262,1468,2992
Leeds East,E14000778,66175,44451,37449,4675,2327,1058,1899
Leeds North East,E14000779,66608,48637,43228,3066,2343,578,1242
Leeds North West,E14000780,66689,43327,33840,2089,7398,301,770
Leeds West,E14000781,69904,50300,42705,4175,3420,697,1792
Morley and Outwood,E14000826,72042,53682,49204,2615,1863,344,960
"Normanton, Pontefract and Castleford",E14000836,79163,54325,48658,4020,1647,626,1543
Penistone and Stocksbridge,E14000876,64531,45038,41424,2082,1532,299,811
Pudsey,E14000886,65121,48653,44858,1982,1813,238,748
Richmond (Yorks),E14000895,79291,58056,54178,2262,1616,260,791
Rother Valley,E14000903,69471,47511,43000,3022,1489,514,1165
Rotherham,E14000904,65171,42273,36460,4158,1655,913,1678
Scarborough and Whitby,E14000913,71124,47401,42116,3077,2208,315,1244
Scunthorpe,E14000914,64462,44663,39447,3541,1675,629,1428
Selby and Ainsty,E14000917,71022,52250,48090,2358,1802,273,859
Sheffield Central,E14000919,95289,56033,40065,4018,11950,894,1437
Sheffield South East,E14000920,66748,46027,40692,3393,1942,693,1296
"Sheffield, Brightside and Hillsborough",E14000921,74705,48510,40881,5406,2223,1288,2190
"Sheffield, Hallam",E14000922,66181,44485,39334,1543,3608,212,551
"Sheffield, Heeley",E14000923,67807,46952,41042,3834,2076,722,1603
Shipley,E14000925,69505,50659,46351,2533,1775,318,997
Skipton and Ripon,E14000928,71851,52212,48773,1701,1738,138,626
Thirsk and Malton,E14000993,70466,49517,46098,1847,1572,164,618
Wakefield,E14001009,70507,49068,43804,3670,1594,633,1455
Wentworth and Dearne,E14001028,69670,46275,41076,3614,1585,630,1462
York Central,E14001061,81183,57793,48994,3130,5669,354,1183
York Outer,E14001062,68606,47152,42853,1452,2847,131,479
Amber Valley,E14000533,65428,45433,41261,2788,1384,350,1154
Ashfield,E14000535,75252,50442,45315,3569,1558,583,1414
Bassetlaw,E14000546,76467,51994,47074,3071,1849,482,1197
Bolsover,E14000577,69760,46586,41869,3161,1556,522,1314
Boston and Skegness,E14000582,74484,49434,44637,3344,1453,425,1311
Bosworth,E14000583,72629,52798,48786,2327,1685,290,913
Broxtowe,E14000607,70672,49595,44869,2585,2141,315,990
Charnwood,E14000625,69064,50203,46355,1960,1888,249,720
Chesterfield,E14000632,68741,46734,41924,3176,1634,488,1295
Corby,E14000648,80643,58739,53435,3241,2063,325,1098
Daventry,E14000660,69035,50081,46196,2019,1866,193,738
Derby North,E14000662,74094,51483,44135,3298,4050,525,1278
Derby South,E14000663,76888,51841,43999,5218,2624,1134,2109
Derbyshire Dales,E14000664,57633,40314,37551,1509,1254,157,594
Erewash,E14000695,69386,49689,44653,3368,1668,467,1481
Gainsborough,E14000707,67333,45888,41763,2545,1580,366,979
Gedling,E14000710,67783,48833,44062,2896,1875,427,1108
Grantham and Stamford,E14000714,75754,55016,50386,2642,1988,305,1015
Harborough,E14000728,73057,51780,47235,2149,2396,269,802
High Peak,E14000748,67389,48560,44173,2576,1811,333,1017
Kettering,E14000769,67920,50012,45524,2728,1760,316,1050
Leicester East,E14000782,77734,51096,43178,4871,3047,1071,1944
Leicester South,E14000783,89754,54053,42269,5208,6576,1093,2123
Leicester West,E14000784,74744,51276,42695,4903,3678,1001,2042
Lincoln,E14000792,80827,56478,47461,3764,5253,616,1493
Loughborough,E14000797,76022,48999,42409,2407,4183,330,940
Louth and Horncastle,E14000798,70948,43193,39279,2543,1371,351,989
Mansfield,E14000810,77155,52392,46961,3547,1884,603,1381
Mid Derbyshire,E14000814,61007,43796,40443,1755,1598,214,638
Newark,E14000829,72872,50695,46546,2404,1745,325,878
North East Derbyshire,E14000843,67313,45950,41896,2529,1525,404,971
North West Leicestershire,E14000858,68556,48999,44994,2361,1644,292,930
Northampton North,E14000861,63012,45271,39256,2969,3046,408,1186
Northampton South,E14000862,69607,51574,45372,3609,2593,478,1466
Nottingham East,E14000865,77165,49226,38566,5190,5470,982,2020
Nottingham North,E14000866,68369,44954,37072,5713,2169,1208,2384
Nottingham South,E14000867,86538,48147,37223,3872,7052,689,1430
Rushcliffe,E14000908,68850,49692,45367,1899,2426,198,683
Rutland and Melton,E14000909,73435,52947,49202,1922,1823,207,694
Sherwood,E14000924,69203,47622,43183,2774,1665,441,1056
Sleaford and North Hykeham,E14000929,80931,56011,51785,2326,1900,253,835
South Derbyshire,E14000935,69450,50358,46409,2125,1824,231,805
South Holland and The Deepings,E14000939,73920,51632,47301,2871,1460,301,1175
South Leicestershire,E14000940,73751,55171,51044,2051,2076,219,702
South Northamptonshire,E14000942,78931,61375,57223,1971,2181,148,681
Wellingborough,E14001025,77026,55668,50179,3541,1948,450,1370
Aldridge-Brownhills,E14000531,55758,38231,34371,2539,1321,421,1116
"Birmingham, Edgbaston",E14000560,72392,47232,39058,4190,3984,846,1782
"Birmingham, Erdington",E14000561,69179,46262,38502,5683,2077,1173,2507
"Birmingham, Hall Green",E14000562,80135,49068,40490,5732,2846,1620,2220
"Birmingham, Hodge Hill",E14000563,78086,44547,34394,7439,2714,2401,2915
"Birmingham, Ladywood",E14000564,92865,55667,40062,8488,7117,2490,3446
"Birmingham, Northfield",E14000565,71953,48707,41701,5078,1928,996,2329
"Birmingham, Perry Barr",E14000566,75624,49735,40038,5908,3789,1583,2255
"Birmingham, Selly Oak",E14000567,78098,48875,39869,4018,4988,806,1669
"Birmingham, Yardley",E14000568,73783,48877,41291,5376,2210,1249,2204
Bromsgrove,E14000605,67807,48664,44867,2070,1727,240,769
Burton,E14000610,75167,53060,47985,2982,2093,408,1077
Cannock Chase,E14000618,72274,51306,46115,3311,1880,485,1373
Coventry North East,E14000649,78373,53298,44647,5208,3443,1070,2054
Coventry North West,E14000650,73706,51337,44551,3608,3178,574,1387
Coventry South,E14000651,79792,49110,39566,3716,5828,750,1431
Dudley North,E14000671,57979,38862,33797,3489,1576,666,1540
Dudley South,E14000672,58117,39728,35109,3237,1382,537,1483
Halesowen and Rowley Regis,E14000722,63188,43270,38341,3276,1653,584,1434
Hereford and South Herefordshire,E14000743,71148,51413,47067,2547,1799,290,956
Kenilworth and Southam,E14000767,60070,42589,39486,1334,1769,131,466
Lichfield,E14000791,68829,48103,44200,2277,1626,264,847
Ludlow,E14000799,62188,43151,40211,1757,1183,193,679
Meriden,E14000812,78170,54703,48680,3950,2073,686,1627
Mid Worcestershire,E14000818,69059,49829,45855,2239,1735,215,866
Newcastle-under-Lyme,E14000834,66195,43861,38444,2506,2911,309,1024
North Herefordshire,E14000847,62294,43701,40523,1806,1372,203,674
North Shropshire,E14000849,76081,53827,49283,2751,1793,337,1071
North Warwickshire,E14000854,66570,47537,43258,2692,1587,338,1047
Nuneaton,E14000868,67142,48000,42861,3202,1937,499,1325
Redditch,E14000892,66644,49097,44171,2955,1971,325,1124
Rugby,E14000905,70415,51411,47090,2581,1740,312,961
Shrewsbury and Atcham,E14000926,74784,54091,49569,2539,1983,301,977
Solihull,E14000931,70190,50405,45906,2354,2145,297,870
South Staffordshire,E14000945,69801,48787,44621,2375,1791,306,947
Stafford,E14000965,71177,49968,44904,2436,2628,313,968
Staffordshire Moorlands,E14000966,57416,39869,36819,1626,1424,177,599
Stoke-on-Trent Central,E14000972,62362,40403,33465,3531,3407,549,1417
Stoke-on-Trent North,E14000973,70204,46311,40644,3713,1954,635,1390
Stoke-on-Trent South,E14000974,65494,43302,38442,3063,1797,486,1250
Stone,E14000975,62594,43490,40253,1572,1665,158,575
Stourbridge,E14000976,65601,45730,40954,3160,1616,476,1433
Stratford-on-Avon,E14000977,64254,46041,42848,1569,1624,136,556
Sutton Coldfield,E14000985,68137,49251,45274,2202,1775,280,813
Tamworth,E14000986,70653,50465,45615,2984,1866,339,1205
Telford,E14000989,66479,46345,41014,3658,1673,541,1552
The Wrekin,E14000992,66639,46516,42009,2451,2056,317,917
Walsall North,E14001011,67145,44144,37142,5342,1660,1079,2548
Walsall South,E14001012,69071,44430,37155,5125,2150,1190,2180
Warley,E14001016,65052,43221,36135,4852,2234,1148,1992
Warwick and Leamington,E14001019,73179,52765,47585,2532,2648,279,961
West Bromwich East,E14001029,62645,41558,35347,4568,1643,962,1967
West Bromwich West,E14001030,64731,43734,37096,4939,1699,964,2216
West Worcestershire,E14001035,65813,44815,41246,2048,1521,224,767
Wolverhampton North East,E14001049,63588,42713,35310,5192,2211,1076,2262
Wolverhampton South East,E14001050,63230,41294,34011,5459,1824,1128,2493
Wolverhampton South West,E14001051,62086,42475,35687,4068,2720,723,1754
Worcester,E14001052,73382,53966,47532,3071,3363,398,1213
Wyre Forest,E14001058,72331,49712,45060,3041,1611,424,1291
Basildon and Billericay,E14000544,63918,45205,40783,2949,1473,383,1275
Bedford,E14000552,73117,52163,45184,3924,3055,622,1573
Braintree,E14000590,70985,52510,48111,2564,1835,292,1042
Brentwood and Ongar,E14000594,66945,48067,44504,2076,1487,258,786
Broadland,E14000603,69042,48577,45094,1832,1651,182,674
Broxbourne,E14000606,71276,51916,47078,2913,1925,381,1205
Bury St Edmunds,E14000613,82545,61269,56767,2218,2284,284,747
Cambridge,E14000617,91482,58379,50550,2525,5304,293,999
Castle Point,E14000622,64626,44080,40222,2289,1569,307,894
Central Suffolk and North Ipswich,E14000624,70690,50353,46461,2066,1826,250,772
Chelmsford,E14000628,77479,58185,52784,2881,2520,332,1136
Clacton,E14000642,59019,33996,29724,3040,1232,457,1328
Colchester,E14000644,80781,58773,51669,3387,3717,463,1342
Epping Forest,E14000693,68963,49834,45540,2655,1639,362,1067
Great Yarmouth,E14000717,70234,46018,40055,4258,1705,543,1668
Harlow,E14000729,66342,49399,44185,3238,1976,377,1423
Harwich and North Essex,E14000734,66746,44908,40506,2112,2290,277,896
Hemel Hempstead,E14000739,71584,53740,48627,2975,2138,326,1125
Hertford and Stortford,E14000744,77564,59034,54820,2290,1924,235,788
Hertsmere,E14000745,71511,52435,47789,2650,1996,368,1024
Hitchin and Harpenden,E14000749,70527,52669,48853,2041,1775,189,807
Huntingdon,E14000757,83285,61982,57004,2756,2222,306,1052
Ipswich,E14000761,79690,58857,51977,4411,2469,632,1841
Luton North,E14000800,69013,47418,40919,3764,2735,702,1470
Luton South,E14000801,80649,56039,45930,4685,5424,962,1754
Maldon,E14000806,65275,46604,43103,2013,1488,222,804
Mid Bedfordshire,E14000813,73481,54590,50402,2021,2167,185,728
Mid Norfolk,E14000816,71486,49282,45250,2287,1745,273,853
North East Bedfordshire,E14000841,74867,56013,51810,2305,1898,244,877
North East Cambridgeshire,E14000842,81726,57159,52011,3395,1753,492,1419
North East Hertfordshire,E14000845,68562,50417,46473,2181,1763,255,880
North Norfolk,E14000848,60282,37469,34386,2031,1052,212,781
North West Cambridgeshire,E14000855,91750,68918,63210,3384,2324,422,1228
North West Norfolk,E14000859,68817,46063,41796,2636,1631,360,1068
Norwich North,E14000863,63892,45922,41520,2669,1733,336,1022
Norwich South,E14000864,74013,49451,41392,3359,4700,431,1350
Peterborough,E14000878,82629,58227,51363,4508,2356,835,1682
Rayleigh and Wickford,E14000888,70725,50638,46875,2071,1692,197,779
Rochford and Southend East,E14000899,72231,50281,44056,4150,2075,518,1813
Saffron Walden,E14000910,73547,54141,50282,2013,1846,181,777
South Basildon and East Thurrock,E14000933,71269,50854,45561,3408,1885,479,1385
South Cambridgeshire,E14000934,79436,59526,55498,1757,2271,157,634
South East Cambridgeshire,E14000937,83390,63650,59368,2141,2141,201,789
South Norfolk,E14000941,71086,50229,46627,1935,1667,233,714
South Suffolk,E14000946,65945,46265,42832,1950,1483,186,807
South West Bedfordshire,E14000949,74503,55356,50086,3141,2129,377,1227
South West Hertfordshire,E14000951,75028,55230,51154,2195,1881,233,811
South West Norfolk,E14000952,74946,51721,47518,2671,1532,312,1045
Southend West,E14000957,63812,45934,41852,2476,1606,292,973
St Albans,E14000960,70428,53227,49063,2072,2092,225,771
Stevenage,E14000968,68388,51636,46148,3134,2354,384,1225
Suffolk Coastal,E14000981,70430,47580,43960,2014,1606,228,763
Thurrock,E14000995,83396,62250,54914,5027,2309,786,2099
Watford,E14001021,83508,63588,57603,3251,2734,451,1226
Waveney,E14001022,73031,47730,42429,3472,1829,427,1249
Welwyn Hatfield,E14001027,77837,54546,46526,2599,5421,274,1066
West Suffolk,E14001034,83132,61228,56555,2742,1931,328,1005
Witham,E14001045,64683,46559,42807,2124,1628,203,877
Barking,E14000540,83926,56441,46378,6181,3882,1416,2615
Battersea,E14000549,86718,70075,64654,3338,2083,539,1338
Beckenham,E14000551,62468,45782,42325,2004,1453,233,781
Bermondsey and Old Southwark,E14000553,103156,75290,64121,5682,5487,1090,2284
Bethnal Green and Bow,E14000555,97902,66834,54239,6465,6130,1630,2407
Bexleyheath and Crayford,E14000558,62678,45025,40391,2762,1872,438,1133
Brent Central,E14000591,102049,70838,59295,6846,4697,1713,2570
Brent North,E14000592,96458,66713,56954,4696,5063,1068,1672
Brentford and Isleworth,E14000593,97894,72585,64285,4177,4123,728,1607
Bromley and Chislehurst,E14000604,62947,45372,41293,2555,1524,358,1065
Camberwell and Peckham,E14000615,94201,67652,56025,6683,4944,1472,2730
Carshalton and Wallington,E14000621,69269,51591,46384,3047,2160,468,1236
Chelsea and Fulham,E14000629,83699,61406,56155,3246,2005,499,1285
Chingford and Woodford Green,E14000634,63850,45787,41167,2869,1751,552,1129
Chipping Barnet,E14000636,81518,58557,52775,3510,2272,587,1414
Cities of London and Westminster,E14000639,91623,64364,58381,3411,2572,610,1312
Croydon Central,E14000654,82876,60172,52536,4778,2858,912,1911
Croydon North,E14000655,98057,69977,58713,6468,4796,1253,2620
Croydon South,E14000656,82115,60159,54504,3266,2389,478,1274
Dagenham and Rainham,E14000657,71312,49494,42478,4578,2438,857,1927
Dulwich and West Norwood,E14000673,82874,62972,55101,4961,2910,943,2057
Ealing Central and Acton,E14000674,91881,68153,60951,4190,3012,803,1642
Ealing North,E14000675,87871,62449,54435,4754,3260,1040,1889
"Ealing, Southall",E14000676,73012,50013,42114,4214,3685,1170,1569
East Ham,E14000679,109376,71421,54183,7348,9890,2270,2633
Edmonton,E14000687,78626,50901,41921,5502,3478,1453,2178
Eltham,E14000690,65820,45553,39629,3376,2548,677,1272
Enfield North,E14000691,72904,50461,43544,4451,2466,1002,1841
"Enfield, Southgate",E14000692,72494,51972,46136,3239,2597,576,1243
Erith and Thamesmead,E14000696,77873,54775,45758,5151,3866,1095,2064
Feltham and Heston,E14000701,92263,65282,56457,4638,4187,1033,1709
Finchley and Golders Green,E14000703,87750,63747,57235,3678,2834,666,1387
Greenwich and Woolwich,E14000718,84322,60927,50663,5374,4890,1194,2134
Hackney North and Stoke Newington,E14000720,95488,68469,58761,6321,3387,1394,2518
Hackney South and Shoreditch,E14000721,91935,65414,54606,6886,3922,1505,2867
Hammersmith,E14000726,94665,69562,60898,5006,3658,953,1930
Hampstead and Kilburn,E14000727,101362,75604,68126,4606,2872,839,1788
Harrow East,E14000731,75783,52933,46608,3470,2855,746,1281
Harrow West,E14000732,76828,54670,48035,3602,3033,752,1343
Hayes and Harlington,E14000737,78797,55366,47164,4419,3783,1056,1771
Hendon,E14000741,89175,62179,53932,4288,3959,924,1626
Holborn and St Pancras,E14000750,107690,69233,59089,5142,5002,1121,2059
Hornchurch and Upminster,E14000751,73468,51347,46235,3201,1911,483,1307
Hornsey and Wood Green,E14000752,97374,73900,66041,4854,3005,857,1793
Ilford North,E14000759,73513,51552,45472,3634,2446,742,1474
Ilford South,E14000760,92518,60967,50133,5858,4976,1579,2217
Islington North,E14000763,81839,59620,52121,4626,2873,938,1886
Islington South and Finsbury,E14000764,83310,57868,50204,4334,3330,886,1704
Kensington,E14000768,93268,64303,57785,4241,2277,745,1791
Kingston and Surbiton,E14000770,89038,65215,57414,2956,4845,404,1144
Lewisham East,E14000787,74168,53849,46258,4557,3034,890,1855
Lewisham West and Penge,E14000788,78598,58542,51249,4651,2642,819,1904
"Lewisham, Deptford",E14000789,87544,65104,54187,5520,5397,1060,2123
Leyton and Wanstead,E14000790,78981,56823,48066,4644,4113,1051,1731
Mitcham and Morden,E14000823,76522,55805,48411,3964,3430,818,1552
Old Bexley and Sidcup,E14000869,61943,44657,40691,2100,1866,285,750
Orpington,E14000872,63069,44426,40701,2157,1568,293,857
Poplar and Limehouse,E14000882,98650,70399,58980,6794,4625,1812,2579
Putney,E14000887,72870,55727,50066,2576,3085,392,967
Richmond Park,E14000896,85713,63528,58299,2618,2611,282,986
Romford,E14000900,69990,50764,45874,3034,1856,443,1233
"Ruislip, Northwood and Pinner",E14000906,67521,48529,44684,2193,1652,271,926
Streatham,E14000978,89363,69726,61450,5057,3219,952,2029
Sutton and Cheam,E14000984,69441,52404,48048,2382,1974,291,919
Tooting,E14000998,83945,63987,57748,3397,2842,603,1284
Tottenham,E14001002,95688,64289,52845,6876,4568,1762,2567
Twickenham,E14001005,82701,62695,57598,2429,2668,290,889
Uxbridge and South Ruislip,E14001007,75748,53351,45731,2863,4757,448,1116
Vauxhall,E14001008,92687,71409,62412,5356,3641,1010,2171
Walthamstow,E14001013,81660,57662,49138,5239,3285,1230,2026
West Ham,E14001032,119582,82340,64679,8386,9275,2353,3019
Westminster North,E14001036,90189,61026,53791,4717,2518,1036,1871
Wimbledon,E14001040,73076,56233,52493,2108,1632,225,761
Aldershot,E14000530,77179,59823,54564,2807,2452,358,1060
Arundel and South Downs,E14000534,69122,48714,45310,1706,1698,170,589
Ashford,E14000536,80561,58617,53164,2971,2482,369,1081
Aylesbury,E14000538,78328,59578,54798,2656,2124,305,946
Banbury,E14000539,85809,65135,60407,2516,2212,297,863
Basingstoke,E14000545,79576,62407,57052,2890,2465,237,1069
Beaconsfield,E14000550,71043,51723,48093,1882,1748,210,654
Bexhill and Battle,E14000557,69921,45736,42081,2061,1594,260,845
Bognor Regis and Littlehampton,E14000576,70829,48351,43691,2640,2020,279,1146
Bracknell,E14000586,77067,59539,54782,2601,2156,265,975
"Brighton, Kemptown",E14000597,69074,46116,39409,2766,3941,366,1067
"Brighton, Pavilion",E14000598,82328,59142,49905,2786,6451,276,1017
Buckingham,E14000608,70700,51885,48409,1659,1817,168,611
Canterbury,E14000619,82466,51543,42123,2347,7073,309,903
Chatham and Aylesford,E14000626,71272,51774,46144,3545,2085,539,1437
Chesham and Amersham,E14000631,65043,46743,43418,1728,1597,183,645
Chichester,E14000633,74361,51457,46646,2111,2700,183,823
Crawley,E14000652,77348,59495,53637,3490,2368,434,1334
Dartford,E14000659,74636,55974,50689,3212,2073,434,1224
Dover,E14000670,70669,47636,42614,3291,1731,434,1303
East Hampshire,E14000680,68474,50112,46612,1784,1716,179,658
East Surrey,E14000681,75837,56468,52597,2102,1769,236,788
East Worthing and Shoreham,E14000682,68753,49425,45209,2258,1958,276,857
Eastbourne,E14000684,75561,51254,45429,2980,2845,316,1219
Eastleigh,E14000685,76310,57939,53280,2417,2242,283,886
Epsom and Ewell,E14000694,74665,54710,50280,2001,2429,194,733
Esher and Walton,E14000697,76640,56157,52299,2071,1787,202,782
Fareham,E14000699,71244,52315,48140,1909,2266,178,654
Faversham and Mid Kent,E14000700,66907,47560,43655,2311,1594,364,838
Folkestone and Hythe,E14000704,81629,54959,48929,3663,2367,491,1498
Gillingham and Rainham,E14000711,72504,51177,45088,3268,2821,513,1296
Gosport,E14000713,69453,49729,45056,2728,1945,340,987
Gravesham,E14000715,73191,51903,46129,3714,2060,629,1437
Guildford,E14000719,78721,55875,49304,2148,4423,231,782
Hastings and Rye,E14000735,78963,52902,46731,4030,2141,581,1779
Havant,E14000736,65355,44921,40356,2762,1803,379,1114
Henley,E14000742,70420,51893,48768,1581,1544,163,551
Horsham,E14000753,74614,55934,51884,2021,2029,178,757
Hove,E14000755,74844,56411,51278,2817,2316,286,1135
Isle of Wight,E14000762,99747,64218,57634,4386,2198,417,1764
Lewes,E14000786,62272,42797,39190,1993,1614,208,773
Maidenhead,E14000803,73480,54792,50780,2330,1682,257,835
Maidstone and The Weald,E14000804,73214,53607,49238,2438,1931,308,879
Meon Valley,E14000811,65403,47170,43572,1678,1920,164,596
Mid Sussex,E14000817,76178,57441,53498,1897,2046,164,671
Milton Keynes North,E14000821,89833,68608,61461,4309,2838,523,1652
Milton Keynes South,E14000822,91552,69109,61918,4331,2860,463,1712
Mole Valley,E14000824,67847,48908,45622,1661,1625,168,619
New Forest East,E14000827,66743,48003,44292,1924,1787,214,719
New Forest West,E14000828,58055,38773,35961,1364,1448,118,539
Newbury,E14000830,78097,59774,55557,2354,1863,208,895
North East Hampshire,E14000844,69617,52372,49023,1600,1749,104,562
North Thanet,E14000852,65667,43265,38378,3082,1805,481,1317
North West Hampshire,E14000857,73659,54932,50982,2101,1849,204,737
Oxford East,E14000873,94396,59918,50116,3279,6523,501,1323
Oxford West and Abingdon,E14000874,78609,55962,51324,1896,2742,201,661
Portsmouth North,E14000883,70080,51560,46186,2881,2493,338,1190
Portsmouth South,E14000884,83625,54274,43734,3655,6885,472,1540
Reading East,E14000889,83139,60544,52423,3175,4946,453,1276
Reading West,E14000890,73951,56007,50483,3339,2185,520,1321
Reigate,E14000893,72060,53941,50061,2116,1764,259,762
Rochester and Strood,E14000898,78025,55602,49686,3540,2376,506,1406
Romsey and Southampton North,E14000901,65881,43914,39313,1592,3009,219,557
Runnymede and Weybridge,E14000907,75180,54181,48964,2016,3201,203,799
Sevenoaks,E14000918,66667,47718,44341,1882,1495,218,710
Sittingbourne and Sheppey,E14000927,78576,53848,48293,3798,1757,669,1501
Slough,E14000930,95759,70134,61141,5173,3820,985,2021
South Thanet,E14000948,68303,44628,38916,3655,2057,582,1540
South West Surrey,E14000953,72728,52909,48935,1807,2167,187,684
"Southampton, Itchen",E14000955,77206,55098,46813,3402,4883,437,1385
"Southampton, Test",E14000956,80717,55608,47181,3534,4893,545,1336
Spelthorne,E14000959,69916,52767,48765,2277,1725,289,833
Surrey Heath,E14000983,77074,58138,53821,2155,2162,242,754
Tonbridge and Malling,E14000997,70075,50639,46751,2033,1855,239,734
Tunbridge Wells,E14001004,75193,55412,51270,2260,1882,215,834
Wantage,E14001015,76841,58705,54780,2101,1824,209,771
Wealden,E14001023,72347,51447,47638,1888,1921,193,667
Winchester,E14001041,70304,49474,44076,1647,3751,147,595
Windsor,E14001042,73844,55975,51916,2185,1874,218,841
Witney,E14001046,76163,58506,54940,1730,1836,166,623
Woking,E14001047,76604,57737,53044,2418,2275,268,934
Wokingham,E14001048,73619,56483,52442,1949,2092,208,698
Worthing West,E14001055,66019,45302,41244,2208,1850,207,864
Wycombe,E14001056,78659,57952,51670,2962,3320,479,1099
Bath,E14000547,68013,44724,38089,1889,4746,193,715
Bournemouth East,E14000584,75649,54173,48088,2973,3112,268,1172
Bournemouth West,E14000585,74818,50630,43107,2775,4748,278,1012
Bridgwater and West Somerset,E14000595,77091,53182,48594,2736,1852,354,1011
Bristol East,E14000599,70061,51054,45324,2978,2752,430,1122
Bristol North West,E14000600,71846,49691,43911,2899,2881,436,1123
Bristol South,E14000601,78487,56749,50816,3721,2212,519,1420
Bristol West,E14000602,101112,69625,57864,4219,7542,710,1469
Camborne and Redruth,E14000616,62589,40879,36907,2124,1848,245,774
Central Devon,E14000623,64423,45757,42643,1689,1425,153,571
Cheltenham,E14000630,78017,57003,50548,2663,3792,286,1083
Chippenham,E14000635,69113,51040,46733,2232,2075,215,849
Christchurch,E14000638,57287,36835,33901,1522,1412,142,575
Devizes,E14000665,70741,53216,49715,1944,1557,207,686
East Devon,E14000678,65920,45049,41908,1565,1576,117,534
Exeter,E14000698,81029,54546,47223,2555,4768,265,951
Filton and Bradley Stoke,E14000702,68420,51419,46404,1981,3034,176,714
Forest of Dean,E14000705,63488,43698,39900,2149,1649,289,849
Gloucester,E14000712,81931,60521,54225,3623,2673,490,1434
Kingswood,E14000774,63147,47613,43828,1911,1874,225,698
Mid Dorset and North Poole,E14000815,58107,41415,38246,1464,1705,124,527
Newton Abbot,E14000835,61692,42233,38769,1874,1590,190,666
North Cornwall,E14000837,63370,42495,39140,2015,1340,192,720
North Devon,E14000838,67507,47119,43382,2052,1685,195,744
North Dorset,E14000839,68416,48795,45603,1692,1500,138,565
North East Somerset,E14000846,62537,45028,41402,1659,1967,195,577
North Somerset,E14000850,70582,51151,47683,1593,1875,126,542
North Swindon,E14000851,78406,59712,54583,3064,2065,347,1140
North Wiltshire,E14000860,64211,47462,44116,1726,1620,179,610
"Plymouth, Moor View",E14000879,66011,43356,38460,2965,1931,478,1170
"Plymouth, Sutton and Devonport",E14000880,86593,56781,46839,4202,5740,546,1531
Poole,E14000881,68409,48928,44758,2310,1860,232,849
Salisbury,E14000912,65429,48559,45066,1752,1741,188,637
Somerton and Frome,E14000932,74317,52954,49141,2021,1792,212,728
South Dorset,E14000936,67174,45274,41303,2379,1592,212,876
South East Cornwall,E14000938,64932,43543,39965,1975,1603,212,698
South Swindon,E14000947,75674,57327,51527,3454,2346,450,1347
South West Devon,E14000950,64348,45499,42056,1532,1911,156,511
South West Wiltshire,E14000954,70101,50515,46496,2345,1674,248,884
St Austell and Newquay,E14000961,71640,48408,43866,2714,1828,268,966
St Ives,E14000964,61996,41088,37697,1911,1480,169,667
Stroud,E14000980,72855,53559,49622,2077,1860,233,791
Taunton Deane,E14000988,78921,56832,52280,2223,2329,265,790
Tewkesbury,E14000990,71622,52225,48335,2000,1890,190,730
The Cotswolds,E14000991,69175,49627,46270,1720,1637,159,618
Thornbury and Yate,E14000994,60901,44166,40857,1462,1847,164,472
Tiverton and Honiton,E14000996,69323,48217,44872,1854,1491,171,657
Torbay,E14000999,69920,47023,41882,3283,1858,342,1309
Torridge and West Devon,E14001000,70708,47287,43583,2245,1459,210,893
Totnes,E14001001,59531,38517,35270,1851,1396,180,673
Truro and Falmouth,E14001003,65953,44402,39717,1973,2712,197,711
Wells,E14001026,74015,51612,47522,2135,1955,187,730
West Dorset,E14001031,67546,45630,42490,1546,1594,130,587
Weston-Super-Mare,E14001038,74770,51456,46456,2757,2243,251,1048
Yeovil,E14001060,76841,55188,51149,2235,1804,237,833
Ynys Mon,W07000041,50818,33023,29423,2381,1219,303,1058
Delyn,W07000042,51496,35139,31857,1936,1346,254,726
Alyn and Deeside,W07000043,60829,43818,39682,2396,1740,278,895
Wrexham,W07000044,52121,35998,31886,2174,1938,284,898
Llanelli,W07000045,58397,37324,33298,2570,1456,428,1068
Gower,W07000046,56049,37195,34053,1659,1483,184,615
Swansea West,W07000047,62187,35863,28340,2457,5066,383,897
Swansea East,W07000048,58735,38402,34020,2715,1667,419,997
Aberavon,W07000049,48646,30113,26692,2335,1086,370,872
Cardiff Central,W07000050,71567,43453,32367,2893,8193,521,1028
Cardiff North,W07000051,64464,45103,40279,2079,2745,313,787
Rhondda,W07000052,50555,30237,26267,2756,1214,577,1153
Torfaen,W07000053,59124,39174,34752,2910,1512,438,1168
Monmouth,W07000054,60271,40813,37463,2013,1337,289,734
Newport East,W07000055,56194,38110,33124,3000,1986,562,1197
Newport West,W07000056,61766,42006,36782,3073,2151,525,1240
Arfon,W07000057,45229,28967,24394,1714,2859,230,674
Aberconwy,W07000058,40443,27231,24464,1605,1162,178,647
Clwyd West,W07000059,52437,34438,31069,2058,1311,241,902
Vale of Clwyd,W07000060,51123,32758,29026,2359,1373,362,935
Dwyfor Meirionnydd,W07000061,43684,29028,26669,1462,897,166,560
Clwyd South,W07000062,52149,36189,32705,2151,1333,312,858
Montgomeryshire,W07000063,46023,32661,30356,1284,1021,157,481
Ceredigion,W07000064,57405,35064,30031,1469,3564,177,586
Preseli Pembrokeshire,W07000065,55194,37052,33602,2213,1237,270,800
Carmarthen West and South Pembrokeshire,W07000066,55820,36634,33023,2060,1551,247,746
Carmarthen East and Dinefwr,W07000067,51568,33327,30634,1674,1019,219,677
Brecon and Radnorshire,W07000068,50046,34185,31514,1644,1027,215,614
Neath,W07000069,54340,33997,30528,2295,1174,303,834
Cynon Valley,W07000070,50290,30959,27207,2572,1180,458,1064
Merthyr Tydfil and Rhymney,W07000071,55420,34901,30279,3315,1307,664,1472
Blaenau Gwent,W07000072,51809,32145,27516,3557,1072,703,1583
Bridgend,W07000073,58611,38489,34579,2506,1404,340,968
Ogmore,W07000074,55584,35777,31957,2646,1174,384,1078
Pontypridd,W07000075,59812,39717,34749,2311,2657,369,927
Caerphilly,W07000076,63598,41588,36987,3209,1392,602,1399
Islwyn,W07000077,55309,36276,32373,2688,1215,450,1126
Vale of Glamorgan,W07000078,71165,48772,43697,3304,1771,442,1371
Cardiff West,W07000079,66360,45850,40509,3182,2159,612,1169
Cardiff South and Penarth,W07000080,78528,54959,48246,4064,2649,722,1624
Aberdeen North,S14000001,79096,55750,45268,2917,7565,355,1064
Aberdeen South,S14000002,72437,54458,48157,1992,4309,214,644
Airdrie and Shotts,S14000003,64143,43731,37841,4134,1756,633,1669
Angus,S14000004,63173,43551,38874,2941,1736,442,1149
Argyll and Bute,S14000005,65156,44675,40840,2665,1170,289,1002
"Ayr, Carrick and Cumnock",S14000006,68991,44681,38902,3853,1926,511,1512
Banff and Buchan,S14000007,68085,48786,44854,2256,1676,284,787
"Berwickshire, Roxburgh and Selkirk",S14000008,69845,48375,44010,2871,1494,397,1051
"Caithness, Sutherland and Easter Ross",S14000009,45914,31251,28341,2149,761,260,793
Central Ayrshire,S14000010,65475,43533,37876,3633,2024,446,1522
"Coatbridge, Chryston and Bellshill",S14000011,70844,49885,43583,4096,2206,610,1620
"Cumbernauld, Kilsyth and Kirkintilloch East",S14000012,65058,45715,40033,3357,2325,439,1323
Dumfries and Galloway,S14000013,71245,48080,43577,3096,1407,430,1222
"Dumfriesshire, Clydesdale and Tweeddale",S14000014,63025,43447,39662,2516,1269,312,931
Dundee East,S14000015,64055,43626,37862,3166,2598,492,1279
Dundee West,S14000016,69031,43394,34108,3818,5468,605,1602
Dunfermline and West Fife,S14000017,73524,52740,47064,3767,1909,506,1483
East Dunbartonshire,S14000018,59681,41237,37072,1756,2409,207,633
"East Kilbride, Strathaven and Lesmahagow",S14000019,74421,53592,47533,3373,2686,387,1244
East Lothian,S14000020,72821,51805,46579,3049,2177,412,1036
East Renfrewshire,S14000021,64758,45277,40111,2257,2909,295,846
Edinburgh East,S14000022,76671,48958,40169,3231,5558,431,1254
Edinburgh North and Leith,S14000023,85575,64210,56596,3636,3978,423,1305
Edinburgh South,S14000024,65112,42805,36717,2026,4062,261,729
Edinburgh South West,S14000025,77776,53368,45478,3335,4555,438,1183
Edinburgh West,S14000026,64884,46104,41713,2289,2102,290,844
Falkirk,S14000028,81234,58180,51796,4007,2377,517,1604
Glasgow Central,S14000029,75674,46638,35367,4288,6983,762,1694
Glasgow East,S14000030,65175,41159,34308,4740,2111,869,2028
Glasgow North,S14000031,59411,38337,30193,2895,5249,436,1167
Glasgow North East,S14000032,64757,39649,31741,4987,2921,1085,2089
Glasgow North West,S14000033,64287,42710,35750,4316,2644,788,1817
Glasgow South,S14000034,67298,46608,40390,3890,2328,643,1567
Glasgow South West,S14000035,61691,40531,33786,4425,2320,746,1862
Glenrothes,S14000036,66108,44445,38559,4193,1693,673,1707
Gordon,S14000037,75069,58093,54113,1574,2406,153,489
Inverclyde,S14000038,60893,39073,33981,3156,1936,380,1102
"Inverness, Nairn, Badenoch and Strathspey",S14000039,75488,55625,51136,2865,1624,264,977
Kilmarnock and Loudoun,S14000040,72336,49124,42833,4251,2040,610,1767
Kirkcaldy and Cowdenbeath,S14000041,71117,48420,42111,4404,1905,613,1808
Lanark and Hamilton East,S14000042,73505,50363,44447,3732,2184,568,1443
Linlithgow and East Falkirk,S14000043,83285,59317,52828,4337,2152,536,1633
Livingston,S14000044,82000,59181,52642,4093,2446,524,1432
Midlothian,S14000045,61511,43754,39423,2700,1631,399,958
Moray,S14000046,68410,48928,44816,2685,1427,243,889
Motherwell and Wishaw,S14000047,68093,47100,40579,4494,2027,640,1837
Na h-Eileanan An Iar,S14000027,20234,14283,13079,840,364,55,335
North Ayrshire and Arran,S14000048,70518,45771,39046,4726,1999,669,2065
North East Fife,S14000049,61162,38170,33281,1891,2998,227,665
Ochil and South Perthshire,S14000050,74211,51248,46116,3207,1925,482,1209
Orkney and Shetland,S14000051,33004,25071,23673,737,661,60,248
Paisley and Renfrewshire North,S14000052,65971,45650,40242,2922,2486,401,1093
Paisley and Renfrewshire South,S14000053,64902,44300,38002,3788,2510,555,1566
Perth and North Perthshire,S14000054,72106,51312,46754,2579,1979,286,856
"Ross, Skye and Lochaber",S14000055,50155,35769,33154,1803,812,107,584
Rutherglen and Hamilton West,S14000056,77349,54018,47423,4378,2217,669,1785
Stirling,S14000057,67240,45731,39367,2596,3768,324,989
West Aberdeenshire and Kincardine,S14000058,67674,51429,47794,1400,2235,127,468
West Dunbartonshire,S14000059,67866,45878,39375,4336,2167,636,1809
Belfast East,N06000001,67039,45800,40948,2842,2010,469,1237
Belfast North,N06000002,73558,45602,38358,4664,2580,957,2089
Belfast South,N06000003,86086,59911,49007,3435,7469,558,1385
Belfast West,N06000004,67002,38843,31336,4672,2835,1188,2064
East Antrim,N06000005,66012,44880,39332,2777,2771,374,1216
East Londonderry,N06000006,72822,46103,39128,4064,2911,629,1894
Fermanagh & South Tyrone,N06000007,73713,50082,44628,3440,2014,589,1555
Foyle,N06000008,73474,44206,35450,5613,3143,1287,2711
Lagan Valley,N06000009,73686,51554,46835,2512,2207,271,1079
Mid Ulster,N06000010,70671,46574,41156,3320,2098,504,1461
Newry & Armagh,N06000011,80362,53125,45858,4738,2529,741,2256
North Antrim,N06000012,78306,52676,47052,3654,1970,529,1610
North Down,N06000013,65480,44424,40001,2468,1955,273,1078
South Antrim,N06000014,71856,51300,46235,2570,2495,353,1058
South Down,N06000015,77403,51988,45581,3900,2507,542,1700
Strangford,N06000016,65507,44439,39870,2637,1932,345,1154
Upper Bann,N06000017,85110,57344,50539,4052,2753,595,1923
West Tyrone,N06000018,65333,40916,35295,3838,1783,753,1854