date,geography,geography code,Ethnic Group: All categories: Ethnic group; measures: Value,Ethnic Group: White; measures: Value,Ethnic Group: Gypsy / Traveller / Irish Traveller; measures: Value,Ethnic Group: Mixed / Multiple ethnic group; measures: Value,Ethnic Group: Asian / Asian British: Indian; measures: Value,Ethnic Group: Asian / Asian British: Pakistani; measures: Value,Ethnic Group: Asian / Asian British: Bangladeshi; measures: Value,Ethnic Group: Asian / Asian British: Chinese; measures: Value,Ethnic Group: Asian / Asian British: Other Asian; measures: Value,Ethnic Group: Black / African / Caribbean / Black British; measures: Value,Ethnic Group: Other Ethnic Group; measures: Value,Ethnic Group: Non White,Percentage of non-Whites
2011,Berwick-upon-Tweed,E14000554,75718,74648,50,373,131,64,40,102,109,141,60,1070,0.014
2011,Bishop Auckland,E14000569,87143,85935,123,461,147,62,21,117,108,93,76,1208,0.014
2011,Blaydon,E14000574,88281,86665,27,504,245,130,31,195,172,160,152,1616,0.018
2011,Blyth Valley,E14000575,82174,81061,10,442,199,54,85,115,117,47,44,1113,0.014
2011,City of Durham,E14000641,94375,90029,106,994,616,171,69,957,603,337,493,4346,0.046
2011,Darlington,E14000658,91417,87428,326,1033,675,140,504,316,424,340,231,3989,0.044
2011,Easington,E14000677,82769,81637,53,404,209,93,38,100,97,58,80,1132,0.014
2011,Gateshead,E14000709,94506,89023,53,959,613,456,187,817,617,872,909,5483,0.058
2011,Hartlepool,E14000733,92028,89859,40,550,266,291,214,229,304,170,105,2169,0.024
2011,Hexham,E14000746,76236,74693,21,478,406,128,66,123,161,70,90,1543,0.020
2011,Houghton and Sunderland South,E14000754,87002,85581,34,370,226,100,60,182,149,156,144,1421,0.016
2011,Jarrow,E14000765,83260,81240,12,519,320,114,227,167,255,149,257,2020,0.024
2011,Middlesbrough,E14000819,93865,79155,62,1836,1223,6499,210,828,1180,1494,1378,14710,0.157
2011,Middlesbrough South and East Cleveland,E14000820,92826,90483,50,784,282,369,54,142,224,271,167,2343,0.025
2011,Newcastle upon Tyne Central,E14000831,93693,69460,78,1881,2783,4939,3811,2729,2993,2785,2234,24233,0.259
2011,Newcastle upon Tyne East,E14000832,95589,84683,70,1526,1337,997,500,2600,1279,1752,845,10906,0.114
2011,Newcastle upon Tyne North,E14000833,90895,85227,15,872,952,428,381,708,670,623,1019,5668,0.062
2011,North Durham,E14000840,86883,85603,81,407,207,81,50,186,133,68,67,1280,0.015
2011,North Tyneside,E14000853,102042,98595,13,875,589,162,159,580,401,499,169,3447,0.034
2011,North West Durham,E14000856,92119,91054,45,447,107,39,40,130,136,70,51,1065,0.012
2011,Redcar,E14000891,86898,85450,58,595,63,238,74,89,162,88,81,1448,0.017
2011,Sedgefield,E14000915,84100,82861,83,494,133,22,42,141,147,92,85,1239,0.015
2011,South Shields,E14000944,82294,77817,4,901,381,351,1331,110,330,320,749,4477,0.054
2011,Stockton North,E14000970,92033,88247,78,920,375,799,42,310,462,603,197,3786,0.041
2011,Stockton South,E14000971,99577,92909,65,1077,1113,2273,90,556,612,530,352,6668,0.067
2011,Sunderland Central,E14000982,99885,91826,22,856,1165,468,1862,1197,981,912,596,8059,0.081
2011,Tynemouth,E14001006,98759,95401,16,940,506,157,527,289,445,235,243,3358,0.034
2011,Wansbeck,E14001014,81900,80508,75,399,203,105,104,112,234,80,80,1392,0.017
2011,Washington and Sunderland West,E14001020,88619,86805,14,552,345,101,153,157,190,205,97,1814,0.020
2011,Altrincham and Sale West,E14000532,96591,87347,4,2058,1898,1712,121,1080,588,943,840,9244,0.096
2011,Ashton-under-Lyne,E14000537,90484,79027,12,1535,2678,3989,1052,469,463,1028,231,11457,0.127
2011,Barrow and Furness,E14000543,88826,87383,47,456,185,49,44,202,270,93,97,1443,0.016
2011,Birkenhead,E14000559,88818,85073,35,1079,589,83,591,700,309,213,146,3745,0.042
2011,Blackburn,E14000570,107246,63432,130,1484,19558,17205,1456,514,1526,812,1129,43814,0.409
2011,Blackley and Broughton,E14000571,110754,75236,124,4127,1894,11283,266,2122,3295,9174,3233,35518,0.321
2011,Blackpool North and Cleveleys,E14000572,83391,81025,79,825,333,94,100,232,379,177,147,2366,0.028
2011,Blackpool South,E14000573,81266,78326,168,1057,327,139,132,324,385,196,212,2940,0.036
2011,Bolton North East,E14000578,95288,78595,48,1750,7416,3621,80,629,854,1698,597,16693,0.175
2011,Bolton South East,E14000579,101747,74140,125,1983,11825,7341,501,513,1825,2455,1039,27607,0.271
2011,Bolton West,E14000580,94523,87995,48,1289,2474,1100,33,318,385,644,237,6528,0.069
2011,Bootle,E14000581,98449,96046,35,1015,112,50,70,316,238,294,273,2403,0.024
2011,Burnley,E14000609,87059,76044,10,976,321,5924,2425,222,686,211,240,11015,0.127
2011,Bury North,E14000611,87218,76795,40,1442,432,6035,175,392,786,703,418,10423,0.120
2011,Bury South,E14000612,97842,88165,32,1923,955,2967,136,708,821,1190,945,9677,0.099
2011,Carlisle,E14000620,85979,84005,158,450,246,104,174,303,327,116,96,1974,0.023
2011,Cheadle,E14000627,91023,80928,14,1603,1629,3602,332,658,820,547,890,10095,0.111
2011,Chorley,E14000637,94932,91983,36,871,581,466,95,207,204,315,174,2949,0.031
2011,City of Chester,E14000640,92995,89080,53,1197,630,182,381,330,411,483,248,3915,0.042
2011,Congleton,E14000646,91960,90179,115,655,194,60,63,214,239,122,119,1781,0.019
2011,Copeland,E14000647,80891,79577,17,401,158,81,89,180,212,104,72,1314,0.016
2011,Crewe and Nantwich,E14000653,107271,103208,121,1383,459,179,293,338,375,677,238,4063,0.038
2011,Denton and Reddish,E14000661,85832,81014,5,1546,478,857,190,485,263,794,200,4818,0.056
2011,Eddisbury,E14000686,85633,84235,81,582,150,53,49,169,128,128,58,1398,0.016
2011,Ellesmere Port and Neston,E14000688,86913,84950,57,741,224,68,70,255,250,178,120,1963,0.023
2011,Fylde,E14000706,81914,79673,15,823,424,133,26,228,216,190,186,2241,0.027
2011,Garston and Halewood,E14000708,97697,92281,9,1910,654,239,81,903,300,875,445,5416,0.055
2011,Halton,E14000725,94995,93014,34,940,201,31,49,237,187,189,113,1981,0.021
2011,Hazel Grove,E14000738,79173,76543,9,949,294,316,81,299,211,283,188,2630,0.033
2011,Heywood and Middleton,E14000747,103894,95784,41,1533,406,3227,307,568,489,1209,330,8110,0.078
2011,Hyndburn,E14000758,92494,80596,99,841,337,8189,1215,334,559,136,188,11898,0.129
2011,Knowsley,E14000775,103910,101567,5,1257,216,46,10,208,157,319,125,2343,0.023
2011,Lancaster and Fleetwood,E14000776,86650,81485,144,844,1163,383,285,1200,476,417,253,5165,0.060
2011,Leigh,E14000785,102997,99603,61,1021,375,281,51,418,291,647,249,3394,0.033
2011,"Liverpool, Riverside",E14000793,114920,91442,87,4785,1771,961,433,4177,1526,5359,4379,23478,0.204
2011,"Liverpool, Walton",E14000794,91876,87372,26,1096,613,110,41,553,386,1036,643,4504,0.049
2011,"Liverpool, Wavertree",E14000795,91501,77464,44,3129,1155,594,448,1610,848,3891,2318,14037,0.153
2011,"Liverpool, West Derby",E14000796,90537,85165,19,1210,819,108,72,903,428,1264,549,5372,0.059
2011,Macclesfield,E14000802,93268,90283,24,847,748,163,63,301,398,281,160,2985,0.032
2011,Makerfield,E14000805,98202,96319,24,683,181,110,15,169,198,345,158,1883,0.019
2011,Manchester Central,E14000807,134326,83987,129,6748,3139,4244,905,7780,3559,18945,4890,50339,0.375
2011,"Manchester, Gorton",E14000808,111198,58082,214,5484,2850,20631,4044,2060,2876,10860,4097,53116,0.478
2011,"Manchester, Withington",E14000809,99212,75913,57,4676,2315,6114,1130,1246,1521,3352,2888,23299,0.235
2011,Morecambe and Lunesdale,E14000825,87683,85651,236,714,163,59,86,218,211,243,102,2032,0.023
2011,Oldham East and Saddleworth,E14000870,101601,82642,40,1910,456,11879,2293,244,685,1222,230,18959,0.187
2011,Oldham West and Royton,E14000871,102616,71881,20,1796,1055,10664,13975,393,1139,1406,287,30735,0.300
2011,Pendle,E14000875,89452,71411,26,946,236,15320,383,281,587,126,136,18041,0.202
2011,Penrith and The Border,E14000877,81880,80979,56,324,108,12,55,122,110,55,59,901,0.011
2011,Preston,E14000885,94780,72184,105,2748,11293,3847,297,1065,993,1395,853,22596,0.238
2011,Ribble Valley,E14000894,96929,94565,8,795,484,399,37,174,190,192,85,2364,0.024
2011,Rochdale,E14000897,107805,76904,145,2036,699,19038,4035,380,2481,1561,526,30901,0.287
2011,Rossendale and Darwen,E14000902,96465,92232,76,796,361,1094,894,374,281,214,143,4233,0.044
2011,Salford and Eccles,E14000911,108546,95535,101,2346,1413,985,373,1665,1094,3723,1311,13011,0.120
2011,Sefton Central,E14000916,84960,83338,40,668,231,31,31,248,117,158,98,1622,0.019
2011,South Ribble,E14000943,97371,94610,37,990,580,204,33,270,216,265,166,2761,0.028
2011,Southport,E14000958,90381,87237,45,1137,323,46,207,401,298,344,343,3144,0.035
2011,St Helens North,E14000962,96518,94872,54,600,155,36,73,251,226,123,128,1646,0.017
2011,St Helens South and Whiston,E14000963,100657,97983,16,861,503,119,49,331,457,194,144,2674,0.027
2011,Stalybridge and Hyde,E14000967,91740,85265,27,1115,651,526,3125,266,187,463,115,6475,0.071
2011,Stockport,E14000969,85027,77116,31,1866,768,2436,263,585,724,796,442,7911,0.093
2011,Stretford and Urmston,E14000979,98749,78233,30,3320,3709,5054,269,688,1103,5268,1075,20516,0.208
2011,Tatton,E14000987,84287,80450,46,1054,782,451,100,303,425,338,338,3837,0.046
2011,Wallasey,E14001010,89444,86943,13,999,199,21,192,427,292,233,125,2501,0.028
2011,Warrington North,E14001017,95213,91833,45,1053,565,341,75,388,327,360,226,3380,0.035
2011,Warrington South,E14001018,107015,102093,21,1091,1238,838,77,461,601,334,261,4922,0.046
2011,Weaver Vale,E14001024,88159,86040,36,880,283,49,72,221,272,174,132,2119,0.024
2011,West Lancashire,E14001033,94797,92941,7,760,380,77,11,166,190,163,102,1856,0.020
2011,Westmorland and Lonsdale,E14001037,83919,82444,28,537,139,38,52,248,193,160,80,1475,0.018
2011,Wigan,E14001039,101878,98821,59,922,413,249,43,267,292,541,271,3057,0.030
2011,Wirral South,E14001043,72312,70716,15,555,231,52,41,271,181,144,106,1596,0.022
2011,Wirral West,E14001044,69209,67347,14,653,325,70,27,255,260,105,153,1862,0.027
2011,Workington,E14001053,78363,77554,9,336,56,32,72,98,107,51,48,809,0.010
2011,Worsley and Eccles South,E14001054,98824,92906,46,1589,825,382,201,621,449,1301,504,5918,0.060
2011,Wyre and Preston North,E14001057,88464,82658,43,830,3089,594,92,237,361,325,235,5806,0.066
2011,Wythenshawe and Sale East,E14001059,105438,91824,37,3460,2233,1369,190,1056,1036,2999,1234,13614,0.129
2011,Barnsley Central,E14000541,85714,83333,77,608,221,112,27,233,254,617,232,2381,0.028
2011,Barnsley East,E14000542,90434,88680,60,632,127,43,23,128,157,477,107,1754,0.019
2011,Batley and Spen,E14000548,107899,83920,20,1434,10709,10314,82,203,508,445,264,23979,0.222
2011,Beverley and Holderness,E14000556,99748,98225,25,582,168,86,13,176,249,124,100,1523,0.015
2011,Bradford East,E14000587,113820,60279,167,3526,3670,34094,4035,382,2569,2794,2304,53541,0.470
2011,Bradford South,E14000588,101545,79976,99,3331,3097,10285,310,346,885,2074,1142,21569,0.212
2011,Bradford West,E14000589,114761,42453,105,3154,5331,49656,3245,892,3446,3281,3198,72308,0.630
2011,Brigg and Goole,E14000596,86706,85129,100,556,217,100,47,208,134,100,115,1577,0.018
2011,Calder Valley,E14000614,102961,99369,29,1287,314,979,103,204,200,338,138,3592,0.035
2011,Cleethorpes,E14000643,93593,91641,15,580,281,79,158,230,201,186,222,1952,0.021
2011,Colne Valley,E14000645,109201,95490,30,2359,1349,6748,205,306,525,1612,577,13711,0.126
2011,Dewsbury,E14000666,110062,86207,62,1629,6282,13940,253,187,738,469,295,23855,0.217
2011,Don Valley,E14000667,98521,95520,152,856,393,393,33,249,244,511,170,3001,0.030
2011,Doncaster Central,E14000668,104950,95416,273,1594,1245,2236,60,658,1271,1426,771,9534,0.091
2011,Doncaster North,E14000669,98931,96543,162,871,227,99,24,214,268,400,123,2388,0.024
2011,East Yorkshire,E14000683,100377,98840,62,628,155,46,26,169,174,185,92,1537,0.015
2011,Elmet and Rothwell,E14000689,99623,96679,40,1007,540,314,46,213,215,362,207,2944,0.030
2011,Great Grimsby,E14000716,88243,85659,16,733,268,140,115,414,378,251,269,2584,0.029
2011,Halifax,E14000723,100865,83338,51,1510,816,12925,471,255,608,561,330,17527,0.174
2011,Haltemprice and Howden,E14000724,88519,85931,94,742,584,220,21,207,240,240,240,2588,0.029
2011,Harrogate and Knaresborough,E14000730,101334,96923,50,1264,503,96,65,613,623,902,295,4411,0.044
2011,Hemsworth,E14000740,93719,90581,58,715,391,977,3,192,192,426,184,3138,0.033
2011,Huddersfield,E14000756,95296,68495,46,4368,2457,10800,191,756,1229,5379,1575,26801,0.281
2011,Keighley,E14000766,97150,81186,40,1221,506,10410,2025,227,600,485,450,15964,0.164
2011,Kingston upon Hull East,E14000771,91937,89372,95,783,292,145,76,244,213,445,272,2565,0.028
2011,Kingston upon Hull North,E14000772,94813,87449,123,1459,401,442,396,1499,572,1554,918,7364,0.078
2011,Kingston upon Hull West and Hessle,E14000773,84656,78773,68,1335,515,323,283,425,897,1017,1020,5883,0.069
2011,Leeds Central,E14000777,132877,98937,212,5114,3189,5306,1464,2395,3234,9883,3143,33940,0.255
2011,Leeds East,E14000778,94469,73611,61,2950,1492,6201,1856,594,1776,5196,732,20858,0.221
2011,Leeds North East,E14000779,91640,64339,67,3952,5201,6025,805,1035,1926,6541,1749,27301,0.298
2011,Leeds North West,E14000780,84571,76476,63,1999,1598,1256,104,505,679,844,1047,8095,0.096
2011,Leeds West,E14000781,92806,82569,129,2477,1384,1953,101,450,762,2216,765,10237,0.110
2011,Morley and Outwood,E14000826,96493,91942,81,1199,1112,521,20,415,319,597,287,4551,0.047
2011,"Normanton, Pontefract and Castleford",E14000836,107195,104399,141,738,339,306,10,299,273,539,151,2796,0.026
2011,Penistone and Stocksbridge,E14000876,87221,85175,29,699,218,153,29,146,166,399,207,2046,0.023
2011,Pudsey,E14000886,88855,82828,44,1227,1837,1179,40,435,436,447,382,6027,0.068
2011,Richmond (Yorks),E14000895,107301,103836,94,887,238,75,43,159,1129,606,234,3465,0.032
2011,Rother Valley,E14000903,94608,91709,32,759,335,886,21,156,198,343,169,2899,0.031
2011,Rotherham,E14000904,89697,77623,73,1261,495,6521,74,305,899,1465,981,12074,0.135
2011,Scarborough and Whitby,E14000913,97399,94789,27,812,376,169,109,269,402,237,209,2610,0.027
2011,Scunthorpe,E14000914,89055,83633,29,787,921,754,1400,347,461,397,326,5422,0.061
2011,Selby and Ainsty,E14000917,96127,94154,190,718,200,20,2,356,167,245,75,1973,0.021
2011,Sheffield Central,E14000919,115284,82958,64,3543,2950,5970,859,5207,2447,6661,4625,32326,0.280
2011,Sheffield South East,E14000920,92918,79168,80,1558,359,5605,1824,330,709,2039,1246,13750,0.148
2011,"Sheffield, Brightside and Hillsborough",E14000921,107139,80573,117,3560,897,8295,287,399,1376,6950,4685,26566,0.248
2011,"Sheffield, Hallam",E14000922,89356,82445,27,1690,1103,838,124,841,677,872,739,6911,0.077
2011,"Sheffield, Heeley",E14000923,93466,83952,63,2454,414,1179,212,529,495,3213,955,9514,0.102
2011,Shipley,E14000925,95176,87990,22,1747,951,2169,248,239,531,633,646,7186,0.076
2011,Skipton and Ripon,E14000928,99266,96720,79,795,215,493,42,188,289,273,172,2546,0.026
2011,Thirsk and Malton,E14000993,96949,95465,148,567,99,41,14,148,213,161,93,1484,0.015
2011,Wakefield,E14001009,95074,87094,93,1182,587,3350,15,253,621,1354,525,7980,0.084
2011,Wentworth and Dearne,E14001028,95362,93324,25,706,152,208,15,156,213,379,184,2038,0.021
2011,York Central,E14001061,104359,96586,189,1520,1036,272,270,1452,1452,864,718,7773,0.074
2011,York Outer,E14001062,93692,89876,80,893,495,145,100,997,521,330,255,3816,0.041
2011,Amber Valley,E14000533,87883,86433,34,580,253,62,9,132,133,176,71,1450,0.016
2011,Ashfield,E14000535,101914,99804,28,819,311,69,55,179,231,290,128,2110,0.021
2011,Bassetlaw,E14000546,103808,101047,84,920,437,180,65,173,263,459,180,2761,0.027
2011,Bolsover,E14000577,94473,92543,88,651,299,77,7,195,213,359,41,1930,0.020
2011,Boston and Skegness,E14000582,101684,98801,88,975,446,172,131,212,264,391,204,2883,0.028
2011,Bosworth,E14000583,98282,95080,86,925,1040,139,79,229,306,233,165,3202,0.033
2011,Broxtowe,E14000607,94971,87266,8,1693,1721,770,91,1116,723,919,664,7705,0.081
2011,Charnwood,E14000625,94748,83697,32,1403,7534,213,49,352,566,535,367,11051,0.117
2011,Chesterfield,E14000632,93248,89874,5,1005,459,330,124,353,241,721,136,3374,0.036
2011,Corby,E14000648,110099,106008,52,1341,561,57,139,242,303,1219,177,4091,0.037
2011,Daventry,E14000660,93850,90709,60,1165,615,175,66,165,274,521,100,3141,0.033
2011,Derby North,E14000662,100323,86895,46,2462,3724,2322,106,500,1171,2102,995,13428,0.134
2011,Derby South,E14000663,109171,75132,237,4220,6878,12203,546,533,2310,4882,2230,34039,0.312
2011,Derbyshire Dales,E14000664,78673,77499,18,528,126,96,4,108,136,104,54,1174,0.015
2011,Erewash,E14000695,94050,91051,24,1113,727,80,20,208,206,506,115,2999,0.032
2011,Gainsborough,E14000707,91719,89873,163,650,376,64,0,131,164,230,68,1846,0.020
2011,Gedling,E14000710,92533,85472,29,2341,1091,887,57,382,468,1554,252,7061,0.076
2011,Grantham and Stamford,E14000714,104391,101435,63,923,420,84,62,372,444,436,152,2956,0.028
2011,Harborough,E14000728,100662,83388,44,1717,10690,1165,153,484,1254,877,890,17274,0.172
2011,High Peak,E14000748,90892,88944,10,944,148,78,10,228,247,184,99,1948,0.021
2011,Kettering,E14000769,93475,87590,150,1313,1818,149,102,327,627,991,408,5885,0.063
2011,Leicester East,E14000782,108520,34012,107,3368,52690,3217,764,367,5975,4949,3071,74508,0.687
2011,Leicester South,E14000783,119287,58583,135,4060,30017,4111,2720,2994,4770,8333,3564,60704,0.509
2011,Leicester West,E14000784,102032,73624,175,4152,10628,739,158,884,2436,7303,1933,28408,0.278
2011,Lincoln,E14000792,106334,101833,82,1332,542,145,140,471,589,823,377,4501,0.042
2011,Loughborough,E14000797,99177,86217,53,1585,4389,310,1979,1777,1158,1014,695,12960,0.131
2011,Louth and Horncastle,E14000798,96885,95547,34,606,153,39,41,115,137,145,68,1338,0.014
2011,Mansfield,E14000810,104466,101520,2,1106,521,132,192,206,238,398,151,2946,0.028
2011,Mid Derbyshire,E14000814,84158,81263,24,1044,490,110,9,373,230,426,189,2895,0.034
2011,Newark,E14000829,98937,95649,244,1179,356,256,81,236,220,545,171,3288,0.033
2011,North East Derbyshire,E14000843,90956,89150,48,742,286,62,48,172,133,205,110,1806,0.020
2011,North West Leicestershire,E14000858,93468,91110,77,881,520,16,20,198,320,205,121,2358,0.025
2011,Northampton North,E14000861,86192,73356,55,2830,1828,701,1178,683,616,4447,498,12836,0.149
2011,Northampton South,E14000862,93615,77054,94,3163,2496,676,2083,767,998,5493,791,16561,0.177
2011,Nottingham East,E14000865,99302,64231,145,7772,3061,8583,526,2040,2449,8721,1774,35071,0.353
2011,Nottingham North,E14000866,97145,77331,85,7058,1571,1535,142,508,956,7487,472,19814,0.204
2011,Nottingham South,E14000867,109233,76810,96,5435,5269,6653,381,3440,2925,5977,2247,32423,0.297
2011,Rushcliffe,E14000908,94963,87814,16,1720,2303,1035,40,510,556,557,412,7149,0.075
2011,Rutland and Melton,E14000909,100926,97377,61,985,1265,80,23,263,278,432,162,3549,0.035
2011,Sherwood,E14000924,94210,91775,45,938,464,141,19,140,224,380,84,2435,0.026
2011,Sleaford and North Hykeham,E14000929,111056,109062,85,792,237,27,67,223,191,243,129,1994,0.018
2011,South Derbyshire,E14000935,94611,90455,72,1062,1649,179,4,217,326,425,222,4156,0.044
2011,South Holland and The Deepings,E14000939,101584,99316,102,912,300,53,55,213,236,293,104,2268,0.022
2011,South Leicestershire,E14000940,100595,93730,116,1444,3273,214,17,324,465,742,270,6865,0.068
2011,South Northamptonshire,E14000942,108562,102533,10,1758,1558,239,147,404,444,1162,307,6029,0.056
2011,Wellingborough,E14001025,106159,95045,106,2612,3388,315,549,258,479,3090,317,11114,0.105
2011,Aldridge-Brownhills,E14000531,76974,71629,56,1195,1935,324,126,232,490,747,240,5345,0.069
2011,"Birmingham, Edgbaston",E14000560,96568,66274,40,5015,7630,2844,462,1951,2912,7424,2016,30294,0.314
2011,"Birmingham, Erdington",E14000561,97778,71421,37,5454,2506,4709,837,817,1297,9962,738,26357,0.270
2011,"Birmingham, Hall Green",E14000562,115904,41089,89,4453,9215,37653,4793,861,4860,7059,5832,74815,0.645
2011,"Birmingham, Hodge Hill",E14000563,121678,43365,32,5050,2172,46042,5881,413,6118,10211,2394,78313,0.644
2011,"Birmingham, Ladywood",E14000564,126693,34552,76,7478,12799,19484,9244,4391,5366,28688,4615,92141,0.727
2011,"Birmingham, Northfield",E14000565,101422,87040,24,4751,1183,750,196,727,1409,4490,852,14382,0.142
2011,"Birmingham, Perry Barr",E14000566,107090,42448,38,4406,17164,12902,6697,904,3932,16321,2278,64642,0.604
2011,"Birmingham, Selly Oak",E14000567,104067,80687,36,4559,4009,4323,823,1702,2040,4673,1215,23380,0.225
2011,"Birmingham, Yardley",E14000568,106738,70048,12,4371,4166,14801,3410,427,2482,5639,1382,36690,0.344
2011,Bromsgrove,E14000605,93637,89621,75,1396,1078,221,39,309,278,444,176,4016,0.043
2011,Burton,E14000610,102731,92039,66,1522,894,5556,157,291,836,1000,370,10692,0.104
2011,Cannock Chase,E14000618,97462,95248,8,867,406,110,48,227,191,280,77,2214,0.023
2011,Coventry North East,E14000649,110511,74034,57,3323,12112,5651,1179,454,3403,8128,2170,36477,0.330
2011,Coventry North West,E14000650,100872,82417,27,2330,6360,2158,222,794,2001,3380,1183,18455,0.183
2011,Coventry South,E14000651,105577,77427,67,2577,9279,1701,1550,2480,2254,6256,1986,28150,0.267
2011,Dudley North,E14000671,81218,69375,59,1966,2525,3768,90,226,530,2346,333,11843,0.146
2011,Dudley South,E14000672,79648,73394,138,1395,953,1939,52,203,426,937,211,6254,0.079
2011,Halesowen and Rowley Regis,E14000722,87319,77744,21,1745,2003,2182,372,211,560,1282,1199,9575,0.110
2011,Hereford and South Herefordshire,E14000743,97492,95253,162,775,345,50,25,156,339,191,196,2239,0.023
2011,Kenilworth and Southam,E14000767,82175,78564,46,921,1081,107,22,503,435,276,220,3611,0.044
2011,Lichfield,E14000791,92985,90605,11,912,426,125,79,189,199,354,85,2380,0.026
2011,Ludlow,E14000799,84857,83648,69,478,120,62,21,156,129,104,70,1209,0.014
2011,Meriden,E14000812,107857,99047,43,2677,2019,595,116,337,499,2130,394,8810,0.082
2011,Mid Worcestershire,E14000818,94454,91800,426,829,423,83,92,164,276,211,150,2654,0.028
2011,Newcastle-under-Lyme,E14000834,88945,83371,38,1194,848,461,145,914,889,758,327,5574,0.063
2011,North Herefordshire,E14000847,85985,84553,201,495,145,30,7,121,221,140,72,1432,0.017
2011,North Shropshire,E14000849,104268,102207,157,685,196,61,102,256,253,239,112,2061,0.020
2011,North Warwickshire,E14000854,90034,85353,60,892,2173,93,36,191,412,518,306,4681,0.052
2011,Nuneaton,E14000868,91086,83679,47,975,3816,455,25,173,958,690,268,7407,0.081
2011,Redditch,E14000892,89677,82862,13,1704,735,2580,192,219,334,864,174,6815,0.076
2011,Rugby,E14000905,96549,87046,141,1937,3015,611,137,426,984,1946,306,9503,0.098
2011,Shrewsbury and Atcham,E14000926,102382,99425,85,891,381,89,75,585,474,209,168,2957,0.029
2011,Solihull,E14000931,98817,85127,27,1727,5079,2818,517,569,1012,1109,832,13690,0.139
2011,South Staffordshire,E14000945,93655,89428,114,1361,1350,169,16,186,271,535,225,4227,0.045
2011,Stafford,E14000965,95255,89393,119,1388,1266,304,99,441,832,988,425,5862,0.062
2011,Staffordshire Moorlands,E14000966,77523,76465,23,498,107,57,1,96,137,90,49,1058,0.014
2011,Stoke-on-Trent Central,E14000972,83104,70790,32,1713,1527,3736,364,706,1749,1696,791,12314,0.148
2011,Stoke-on-Trent North,E14000973,96715,86939,124,1785,318,3691,565,332,1086,1268,607,9776,0.101
2011,Stoke-on-Trent South,E14000974,89539,82791,33,1164,503,3022,173,222,557,827,247,6748,0.075
2011,Stone,E14000975,84249,82516,31,669,277,100,35,120,194,212,95,1733,0.021
2011,Stourbridge,E14000976,90024,82669,92,1289,737,3631,71,281,261,577,416,7355,0.082
2011,Stratford-on-Avon,E14000977,88490,85777,167,975,452,64,12,351,326,210,156,2713,0.031
2011,Sutton Coldfield,E14000985,95107,84304,24,2068,3777,1119,189,519,732,1893,482,10803,0.114
2011,Tamworth,E14000986,95334,92126,17,1022,859,121,66,226,226,543,128,3208,0.034
2011,Telford,E14000989,90359,84447,31,1681,1874,292,64,322,428,955,265,5912,0.065
2011,The Wrekin,E14000992,90904,84084,136,1416,1257,1955,108,348,472,852,276,6820,0.075
2011,Walsall North,E14001011,93878,80858,142,2521,3601,2467,345,289,989,2042,624,13020,0.139
2011,Walsall South,E14001012,98471,59695,89,3508,10966,11498,4723,472,2565,3580,1375,38776,0.394
2011,Warley,E14001016,92201,52843,56,4007,11718,7607,2467,329,3036,8029,2109,39358,0.427
2011,Warwick and Leamington,E14001019,97140,84775,33,2249,5898,398,52,705,1185,803,1042,12365,0.127
2011,West Bromwich East,E14001029,88030,59950,24,2878,11462,2225,2189,248,1979,5495,1580,28080,0.319
2011,West Bromwich West,E14001030,90191,69176,53,2452,7458,2895,1744,197,1216,4143,857,21015,0.233
2011,West Worcestershire,E14001035,91658,89531,163,723,293,44,32,350,243,166,113,2127,0.023
2011,Wolverhampton North East,E14001049,88737,67620,96,4879,5740,430,134,392,1563,6892,991,21117,0.238
2011,Wolverhampton South East,E14001050,88177,58546,143,4328,14464,677,65,362,2214,5571,1807,29631,0.336
2011,Wolverhampton South West,E14001051,84913,54741,20,3802,12239,3352,233,642,2862,5065,1957,30172,0.355
2011,Worcester,E14001052,98768,92181,113,1395,806,1923,449,391,797,473,240,6587,0.067
2011,Wyre Forest,E14001058,97975,94898,375,998,299,133,512,168,278,214,100,3077,0.031
2011,Basildon and Billericay,E14000544,89687,82428,719,1516,1123,199,209,262,698,2292,241,7259,0.081
2011,Bedford,E14000552,101066,75157,63,4081,6704,3053,3067,706,2064,5258,913,25909,0.256
2011,Braintree,E14000590,97840,94503,86,1139,395,116,125,286,440,565,185,3337,0.034
2011,Brentwood and Ongar,E14000594,92957,87390,151,1448,1077,136,199,408,804,1000,344,5567,0.060
2011,Broadland,E14000603,95188,93449,34,690,197,29,40,158,270,205,116,1739,0.018
2011,Broxbourne,E14000606,98790,89168,151,2220,902,149,173,347,820,4028,832,9622,0.097
2011,Bury St Edmunds,E14000613,113678,109934,73,1382,479,66,93,293,541,599,218,3744,0.033
2011,Cambridge,E14000617,114740,94640,108,3685,3046,678,1734,4150,2863,1967,1869,20100,0.175
2011,Castle Point,E14000622,88011,85256,17,911,378,67,87,220,260,661,154,2755,0.031
2011,Central Suffolk and North Ipswich,E14000624,98935,94602,107,1680,592,75,180,327,388,719,265,4333,0.044
2011,Chelmsford,E14000628,105424,97236,109,1929,1557,591,401,646,813,1693,449,8188,0.078
2011,Clacton,E14000642,85359,83139,37,946,212,30,100,221,261,276,137,2220,0.026
2011,Colchester,E14000644,108610,97788,51,2393,1134,303,326,1066,2116,2076,1357,10822,0.100
2011,Epping Forest,E14000693,95084,84245,104,2269,2836,900,233,553,1007,2232,705,10839,0.114
2011,Great Yarmouth,E14000717,97277,94152,63,1159,446,116,18,189,435,439,260,3125,0.032
2011,Harlow,E14000729,92163,82687,159,1880,1128,639,397,844,844,3158,427,9476,0.103
2011,Harwich and North Essex,E14000734,91170,87655,38,1021,312,54,54,647,476,570,343,3515,0.039
2011,Hemel Hempstead,E14000739,99084,87844,172,2253,2022,1892,246,576,1105,2625,349,11240,0.113
2011,Hertford and Stortford,E14000744,106711,101232,47,1866,905,193,234,444,608,884,298,5479,0.051
2011,Hertsmere,E14000745,100031,84909,154,2619,3723,454,232,918,2066,3927,1029,15122,0.151
2011,Hitchin and Harpenden,E14000749,99607,90014,31,2599,2064,400,553,653,973,1818,502,9593,0.096
2011,Huntingdon,E14000757,112664,105486,152,1876,882,919,339,440,885,1347,338,7178,0.064
2011,Ipswich,E14000761,109003,96134,87,3938,1683,223,1547,598,1194,2622,977,12869,0.118
2011,Luton North,E14000800,98947,54251,54,4364,5758,13967,5161,529,3092,10706,1065,44696,0.452
2011,Luton South,E14000801,110180,62303,160,3989,4897,15403,8451,980,2805,9271,1921,47877,0.435
2011,Maldon,E14000806,88797,86380,169,837,274,40,121,176,305,324,171,2417,0.027
2011,Mid Bedfordshire,E14000813,100121,93574,137,1779,1502,237,82,707,644,1047,412,6547,0.065
2011,Mid Norfolk,E14000816,99840,97551,124,984,210,38,52,191,238,365,87,2289,0.023
2011,North East Bedfordshire,E14000841,102716,96420,195,1956,1353,177,165,402,615,1148,285,6296,0.061
2011,North East Cambridgeshire,E14000842,112376,108704,513,1103,439,87,95,231,425,576,203,3672,0.033
2011,North East Hertfordshire,E14000845,95286,88247,22,1916,1881,172,143,470,916,1163,356,7039,0.074
2011,North Norfolk,E14000848,84645,83469,43,513,90,5,56,111,164,139,55,1176,0.014
2011,North West Cambridgeshire,E14000855,125061,117087,125,2306,1370,634,24,467,811,1807,430,7974,0.064
2011,North West Norfolk,E14000859,95124,92068,140,893,578,108,26,314,479,353,165,3056,0.032
2011,Norwich North,E14000863,87352,83298,63,1326,392,49,309,316,552,770,277,4054,0.046
2011,Norwich South,E14000864,96670,86923,92,2230,1553,224,298,1527,1359,1540,924,9747,0.101
2011,Peterborough,E14000878,115414,88894,491,3296,3503,11523,217,540,3128,2652,1170,26520,0.230
2011,Rayleigh and Wickford,E14000888,97352,94062,64,1070,441,84,101,297,390,659,184,3290,0.034
2011,Rochford and Southend East,E14000899,100083,91310,103,2219,964,505,533,727,889,2334,499,8773,0.088
2011,Saffron Walden,E14000910,101959,98102,174,1267,465,89,211,296,527,567,261,3857,0.038
2011,South Basildon and East Thurrock,E14000933,96886,89828,203,1520,929,238,160,294,603,2823,288,7058,0.073
2011,South Cambridgeshire,E14000934,109807,101825,168,1927,1721,342,225,1010,1170,875,544,7982,0.073
2011,South East Cambridgeshire,E14000937,114779,107827,511,1836,1105,268,157,757,945,950,423,6952,0.061
2011,South Norfolk,E14000941,98193,95702,137,929,347,56,52,233,294,300,143,2491,0.025
2011,South Suffolk,E14000946,91752,89766,52,840,183,13,66,163,261,267,141,1986,0.022
2011,South West Bedfordshire,E14000949,102031,94151,182,2287,1066,228,119,482,870,2295,351,7880,0.077
2011,South West Hertfordshire,E14000951,105309,94268,108,2164,4307,603,177,627,1329,1328,398,11041,0.105
2011,South West Norfolk,E14000952,103599,100484,226,1303,230,75,82,169,342,498,190,3115,0.030
2011,Southend West,E14000957,88884,82368,74,1642,880,554,426,410,707,1411,412,6516,0.073
2011,St Albans,E14000960,97663,83821,150,3073,1831,1004,2481,883,1604,1994,822,13842,0.142
2011,Stevenage,E14000968,94192,83276,72,2408,1711,511,541,673,1648,2906,446,10916,0.116
2011,Suffolk Coastal,E14000981,98927,96003,44,1138,359,71,115,286,366,394,151,2924,0.030
2011,Thurrock,E14000995,116255,95678,229,2575,2058,491,589,734,1519,11569,813,20577,0.177
2011,Watford,E14001021,114035,85571,91,3661,6079,6194,378,978,4285,5810,988,28464,0.250
2011,Waveney,E14001022,102474,99929,86,1099,170,53,91,266,311,354,115,2545,0.025
2011,Welwyn Hatfield,E14001027,105354,87996,151,2718,3423,730,450,1893,2007,4918,1068,17358,0.165
2011,West Suffolk,E14001034,113394,106223,155,2395,533,196,161,226,962,1899,644,7171,0.063
2011,Witham,E14001045,88429,85622,144,1053,337,19,90,186,378,469,131,2807,0.032
2011,Barking,E14000540,122313,67159,118,5392,5451,6740,6050,894,3651,24736,2122,55154,0.451
2011,Battersea,E14000549,106709,78370,44,5377,1920,1241,438,1379,2577,13060,2303,28339,0.266
2011,Beckenham,E14000551,87011,75386,45,3020,1792,281,233,749,1309,3343,853,11625,0.134
2011,Bermondsey and Old Southwark,E14000553,126522,73838,118,7255,3471,696,2138,5137,3890,25489,4490,52684,0.416
2011,Bethnal Green and Bow,E14000555,125351,58758,85,5222,2286,1237,41901,2271,2471,8306,2814,66593,0.531
2011,Bexleyheath and Crayford,E14000558,87848,73636,257,1850,2525,260,286,838,1533,6044,619,14212,0.162
2011,Brent Central,E14000591,137438,53047,211,8077,13761,6560,767,1175,10437,35104,8299,84391,0.614
2011,Brent North,E14000592,128484,34098,86,4636,42214,6846,837,1479,15978,15806,6504,94386,0.735
2011,Brentford and Isleworth,E14000593,128556,74186,56,5753,19665,5231,1099,1631,8413,7916,4606,54370,0.423
2011,Bromley and Chislehurst,E14000604,88633,74281,172,3028,2201,309,410,933,1515,4830,954,14352,0.162
2011,Camberwell and Peckham,E14000615,125226,56029,125,8315,1503,704,1579,2435,3307,46810,4419,69197,0.553
2011,Carshalton and Wallington,E14000621,95322,74772,142,3819,2711,1175,574,897,4417,5823,992,20550,0.216
2011,Chelsea and Fulham,E14000629,105697,81664,63,5043,1563,581,469,1557,3680,6276,4801,24033,0.227
2011,Chingford and Woodford Green,E14000634,88149,64766,69,4196,2575,2982,732,699,2126,7993,2011,23383,0.265
2011,Chipping Barnet,E14000636,111973,80396,40,5452,7270,1019,593,2021,5349,6093,3740,31577,0.282
2011,Cities of London and Westminster,E14000639,110000,75339,52,4969,3656,1088,2090,3715,4670,5288,9133,34661,0.315
2011,Croydon Central,E14000654,114705,70374,75,7527,6499,1870,663,1298,4060,20583,1756,44331,0.386
2011,Croydon North,E14000655,136044,47739,105,10394,12304,7221,1429,1428,9427,42919,3078,88305,0.649
2011,Croydon South,E14000656,112629,81848,54,5974,5857,1774,478,1199,4120,9754,1571,30781,0.273
2011,Dagenham and Rainham,E14000657,102090,73618,105,3422,2814,1468,1884,612,1809,15377,981,28472,0.279
2011,Dulwich and West Norwood,E14000673,110542,65605,77,8637,1858,707,595,1176,2005,27596,2286,44937,0.407
2011,Ealing Central and Acton,E14000674,119419,75444,156,6119,6437,2304,432,2195,7460,10799,8073,43975,0.368
2011,Ealing North,E14000675,121117,60313,92,5616,12838,4510,661,1273,12659,15773,7382,60804,0.502
2011,"Ealing, Southall",E14000676,97913,29761,52,3331,28965,7897,693,664,11451,10288,4811,68152,0.696
2011,East Ham,E14000679,149842,34334,259,5807,27679,19872,19597,1486,11994,23773,5041,115508,0.771
2011,Edmonton,E14000687,112059,52797,165,6594,3596,989,3507,650,5763,30608,7390,59262,0.529
2011,Eltham,E14000690,89759,68682,54,3465,2193,660,419,1385,2435,8862,1604,21077,0.235
2011,Enfield North,E14000691,103053,69435,131,5721,2179,496,1143,644,3112,15960,4232,33618,0.326
2011,"Enfield, Southgate",E14000692,97354,68064,48,4868,5873,1109,949,1294,3589,7119,4441,29290,0.301
2011,Erith and Thamesmead,E14000696,110151,63151,509,4483,4321,963,545,1466,4894,28298,1521,47000,0.427
2011,Feltham and Heston,E14000701,125401,56136,127,4596,28496,8445,1090,774,12413,8897,4427,69265,0.552
2011,Finchley and Golders Green,E14000703,120608,80099,51,5724,8728,1508,777,2291,7085,7057,7288,40509,0.336
2011,Greenwich and Woolwich,E14000718,112628,65873,133,6144,3870,1223,839,2964,6742,22639,2201,46755,0.415
2011,Hackney North and Stoke Newington,E14000720,128036,73716,215,7779,5288,1132,2917,1318,2955,25072,7644,54320,0.424
2011,Hackney South and Shoreditch,E14000721,118234,60427,259,8090,2311,773,3263,2118,3792,31786,5415,57807,0.489
2011,Hammersmith,E14000726,118236,74697,172,6944,2509,1212,790,2219,5456,16722,7515,43539,0.368
2011,Hampstead and Kilburn,E14000727,129989,85094,76,7684,5009,1681,1894,2472,6133,13214,6732,44895,0.345
2011,Harrow East,E14000731,103761,40626,86,3563,32794,3054,559,1063,9980,8679,3357,63135,0.608
2011,Harrow West,E14000732,104165,41736,83,4783,23963,3980,693,1265,14776,9738,3148,62429,0.599
2011,Hayes and Harlington,E14000737,110133,47584,209,4527,21118,6139,1180,593,11206,13080,4497,62549,0.568
2011,Hendon,E14000741,123805,67907,60,5993,11922,2817,845,3947,9746,14281,6287,55898,0.452
2011,Holborn and St Pancras,E14000750,135642,86209,114,7700,3116,783,10754,4617,4919,12568,4862,49433,0.364
2011,Hornchurch and Upminster,E14000751,102846,92270,69,1813,1923,518,240,604,915,3994,500,10576,0.103
2011,Hornsey and Wood Green,E14000752,125689,89486,123,7891,3083,722,1419,1713,3424,13381,4447,36203,0.288
2011,Ilford North,E14000759,102589,53841,36,4330,13083,6542,5052,1460,7899,7957,2389,48748,0.475
2011,Ilford South,E14000760,131035,31636,95,5006,29414,22799,10275,847,11680,14827,4456,99399,0.759
2011,Islington North,E14000763,103469,69290,92,7215,1569,405,2265,1462,2576,15025,3570,34179,0.330
2011,Islington South and Finsbury,E14000764,102656,71062,71,6124,1965,546,2397,2995,2854,11269,3373,31594,0.308
2011,Kensington,E14000768,117209,79542,101,7043,1956,730,633,3332,5809,8840,9223,37667,0.321
2011,Kingston and Surbiton,E14000770,118002,88346,77,4326,4475,2284,635,2060,9872,3103,2824,29656,0.251
2011,Lewisham East,E14000787,102206,56870,76,7165,1631,550,546,1462,4749,26388,2769,45336,0.444
2011,Lewisham West and Penge,E14000788,105993,65602,110,7734,1715,545,589,1120,2974,23785,1819,40391,0.381
2011,"Lewisham, Deptford",E14000789,112827,56228,71,8500,2018,736,614,3950,4914,32578,3218,56599,0.502
2011,Leyton and Wanstead,E14000790,104183,51099,111,5428,6130,10685,3120,1440,4288,17855,4027,53084,0.510
2011,Mitcham and Morden,E14000823,103298,55347,161,5325,4536,5054,1484,1169,10194,17977,2051,47951,0.464
2011,Old Bexley and Sidcup,E14000869,86168,76568,101,1727,1974,218,333,922,1329,2436,560,9600,0.111
2011,Orpington,E14000872,88607,79401,314,1922,1458,189,261,718,1130,2704,510,9206,0.104
2011,Poplar and Limehouse,E14000882,128745,55886,90,5138,4501,1205,39476,5838,3315,10323,2973,72859,0.566
2011,Putney,E14000887,93396,70331,33,4449,1846,3376,276,1129,2832,6897,2227,23065,0.247
2011,Richmond Park,E14000896,116846,95368,31,4827,3274,1019,574,1689,4974,1979,3111,21478,0.184
2011,Romford,E14000900,95894,82946,50,2184,2265,773,502,664,1362,4514,634,12948,0.135
2011,"Ruislip, Northwood and Pinner",E14000906,93716,65945,57,3181,13270,1564,271,976,4299,2658,1495,27771,0.296
2011,Streatham,E14000978,115046,66875,75,8623,2582,2088,940,1175,2104,27993,2591,48171,0.419
2011,Sutton and Cheam,E14000984,94824,74484,51,3315,3743,1420,609,1343,5146,3297,1416,20340,0.215
2011,Tooting,E14000998,106890,70352,86,5415,4876,5101,779,1207,4361,12799,1914,36538,0.342
2011,Tottenham,E14001002,129237,64487,247,8657,2862,1198,2998,2031,4700,34449,7608,64750,0.501
2011,Twickenham,E14001005,112202,96040,82,3896,3778,869,550,887,2819,1755,1526,16162,0.144
2011,Uxbridge and South Ruislip,E14001007,101217,70606,90,3924,8701,2260,1314,1621,4422,5635,2644,30611,0.302
2011,Vauxhall,E14001008,114033,66569,63,8108,1388,500,881,2724,2547,28165,3088,47464,0.416
2011,Walthamstow,E14001013,111263,51594,198,6262,3592,14390,1464,1133,6485,21004,5141,59669,0.536
2011,West Ham,E14001032,158142,54420,203,8138,14805,10435,17665,2444,7918,36483,5631,103722,0.656
2011,Westminster North,E14001036,116771,65711,27,6715,3773,1256,4441,2465,5648,11377,15358,51060,0.437
2011,Wimbledon,E14001040,96395,74043,55,4009,3570,2283,732,1449,5672,2834,1748,22352,0.232
2011,Aldershot,E14000530,103922,88679,209,2218,1418,648,218,544,7329,2005,654,15243,0.147
2011,Arundel and South Downs,E14000534,97267,94920,157,972,231,41,95,194,348,209,100,2347,0.024
2011,Ashford,E14000536,112940,105081,513,1633,944,160,183,424,2250,1365,387,7859,0.070
2011,Aylesbury,E14000538,108027,92587,94,2956,1552,5225,128,435,1727,2760,563,15440,0.143
2011,Banbury,E14000539,117928,108891,94,2091,1192,2242,111,456,896,1594,361,9037,0.077
2011,Basingstoke,E14000545,107996,97511,76,2208,2274,339,277,1116,2095,1714,386,10485,0.097
2011,Beaconsfield,E14000550,99387,86748,268,2269,4998,1142,220,621,1364,1005,752,12639,0.127
2011,Bexhill and Battle,E14000557,100727,97740,151,1098,335,19,132,233,507,316,196,2987,0.030
2011,Bognor Regis and Littlehampton,E14000576,98433,94971,106,1072,389,89,326,308,562,425,185,3462,0.035
2011,Bracknell,E14000586,104849,95228,117,2054,1628,401,154,518,2364,1962,423,9621,0.092
2011,"Brighton, Kemptown",E14000597,91567,82756,56,2776,991,175,401,905,1068,1431,1008,8811,0.096
2011,"Brighton, Pavilion",E14000598,103593,92199,77,4208,1123,233,389,1362,1243,1556,1203,11394,0.110
2011,Buckingham,E14000608,97184,92913,84,1402,476,358,84,301,481,812,273,4271,0.044
2011,Canterbury,E14000619,109280,99607,327,2118,1252,296,232,1313,1534,1781,820,9673,0.089
2011,Chatham and Aylesford,E14000626,97281,88728,317,1725,1712,370,559,291,653,2379,547,8553,0.088
2011,Chesham and Amersham,E14000631,92635,84628,121,2040,1799,1772,120,442,913,524,276,8007,0.086
2011,Chichester,E14000633,104374,100855,228,1006,442,36,131,326,612,498,240,3519,0.034
2011,Crawley,E14000652,106597,85103,77,3098,5530,4548,427,496,2824,3469,1025,21494,0.202
2011,Dartford,E14000659,103200,90412,275,2207,2777,179,431,554,2005,3588,772,12788,0.124
2011,Dover,E14000670,97620,94097,211,877,342,28,137,235,1118,348,227,3523,0.036
2011,East Hampshire,E14000680,95282,91513,228,1160,434,30,134,263,797,502,221,3769,0.040
2011,East Surrey,E14000681,105074,97915,324,2212,966,278,202,584,1018,1168,407,7159,0.068
2011,East Worthing and Shoreham,E14000682,96024,91045,156,1525,443,120,442,413,889,601,390,4979,0.052
2011,Eastbourne,E14000684,106852,100713,75,1850,708,108,291,641,1137,790,539,6139,0.057
2011,Eastleigh,E14000685,103763,98498,174,1430,1448,116,244,461,534,505,353,5265,0.051
2011,Epsom and Ewell,E14000694,104197,91418,155,2490,2239,775,387,1073,3087,1378,1195,12779,0.123
2011,Esher and Walton,E14000697,109074,98580,134,2757,2055,429,444,928,1927,859,961,10494,0.096
2011,Fareham,E14000699,97504,94098,77,1223,625,75,114,439,299,334,220,3406,0.035
2011,Faversham and Mid Kent,E14000700,92804,89111,519,1147,354,90,109,212,579,507,176,3693,0.040
2011,Folkestone and Hythe,E14000704,112985,106959,182,1316,427,94,228,288,2692,468,331,6026,0.053
2011,Gillingham and Rainham,E14000711,98830,88430,128,1906,2726,870,322,362,1089,2209,788,10400,0.105
2011,Gosport,E14000713,96699,93429,40,1202,466,33,160,242,287,615,225,3270,0.034
2011,Gravesham,E14000715,101720,83906,320,2066,7538,550,477,326,1713,2885,1939,17814,0.175
2011,Guildford,E14000719,105647,94700,191,2017,1458,395,297,1767,2011,1263,1548,10947,0.104
2011,Hastings and Rye,E14000735,107984,101785,189,2116,512,85,286,407,973,1107,524,6199,0.057
2011,Havant,E14000736,91875,89121,51,1171,384,35,122,222,293,320,156,2754,0.030
2011,Henley,E14000742,97812,94161,113,1330,518,152,98,239,537,471,193,3651,0.037
2011,Horsham,E14000753,103692,98625,155,1570,754,171,179,460,914,640,224,5067,0.049
2011,Hove,E14000755,99753,88917,69,3730,1003,250,620,792,1145,1357,1870,10836,0.109
2011,Isle of Wight,E14000762,138265,134451,94,1709,435,80,131,219,649,303,194,3814,0.028
2011,Lewes,E14000786,88192,85427,147,1075,288,59,113,270,365,285,163,2765,0.031
2011,Maidenhead,E14000803,101770,88394,167,2013,3766,3674,228,611,1292,928,697,13376,0.131
2011,Maidstone and The Weald,E14000804,100048,92695,489,1592,942,255,291,375,2054,980,375,7353,0.073
2011,Meon Valley,E14000811,89863,87281,233,922,348,76,113,233,305,177,175,2582,0.029
2011,Mid Sussex,E14000817,105781,99925,108,1522,1257,117,367,402,1142,676,265,5856,0.055
2011,Milton Keynes North,E14000821,121798,97353,34,3750,3402,2311,556,1198,3602,8909,683,24445,0.201
2011,Milton Keynes South,E14000822,127023,101669,38,4485,4704,1540,1433,1524,2512,8222,896,25354,0.200
2011,Mole Valley,E14000824,95033,90618,194,1328,636,146,201,344,756,417,393,4415,0.046
2011,New Forest East,E14000827,92346,89657,263,873,273,21,136,179,247,451,246,2689,0.029
2011,New Forest West,E14000828,84116,82080,160,747,199,13,59,159,379,161,159,2036,0.024
2011,Newbury,E14000830,107491,102701,82,1445,1056,267,132,405,493,670,240,4790,0.045
2011,North East Hampshire,E14000844,96089,91499,248,1457,826,145,139,401,710,426,238,4590,0.048
2011,North Thanet,E14000852,93505,90067,126,1222,489,85,76,264,487,464,225,3438,0.037
2011,North West Hampshire,E14000857,100986,97579,121,1270,393,69,135,262,512,436,209,3407,0.034
2011,Oxford East,E14000873,120705,91478,80,4971,3865,4499,1626,2617,3477,6514,1578,29227,0.242
2011,Oxford West and Abingdon,E14000874,105985,95308,69,2396,1601,750,372,1633,1472,1485,899,10677,0.101
2011,Portsmouth North,E14000883,97425,90610,39,1756,896,174,986,618,941,1002,403,6815,0.070
2011,Portsmouth South,E14000884,107631,90487,46,3711,2015,365,2663,1993,1823,2775,1753,17144,0.159
2011,Reading East,E14000889,108794,82159,85,3587,5368,5392,379,1434,3883,5174,1333,26635,0.245
2011,Reading West,E14000890,101477,82011,70,3851,2605,3085,414,522,2036,6386,497,19466,0.192
2011,Reigate,E14000893,100833,90648,126,2294,1734,979,386,693,1683,1725,565,10185,0.101
2011,Rochester and Strood,E14000898,105271,94947,172,1990,2929,321,472,491,1039,2253,657,10324,0.098
2011,Romsey and Southampton North,E14000901,88240,79613,117,1294,1805,533,327,1626,1321,787,817,8627,0.098
2011,Runnymede and Weybridge,E14000907,102311,90803,239,2325,2456,504,295,1388,2210,1013,1078,11508,0.112
2011,Sevenoaks,E14000918,93431,88960,271,1389,545,98,138,464,549,806,211,4471,0.048
2011,Sittingbourne and Sheppey,E14000927,108105,103366,628,1305,487,104,193,192,334,1329,167,4739,0.044
2011,Slough,E14000930,134048,60247,184,4513,20975,24467,534,768,7216,11695,3449,73801,0.551
2011,South Thanet,E14000948,96600,92214,131,1549,500,121,135,348,678,640,284,4386,0.045
2011,South West Surrey,E14000953,103129,98707,138,1431,494,234,155,539,590,465,376,4422,0.043
2011,"Southampton, Itchen",E14000955,102731,93099,183,2403,1421,512,373,733,1292,1775,940,9632,0.094
2011,"Southampton, Test",E14000956,105955,87871,131,2649,4169,2079,770,1354,3013,2694,1225,18084,0.171
2011,Spelthorne,E14000959,95598,83263,192,2382,4013,656,259,621,1746,1545,921,12335,0.129
2011,Surrey Heath,E14000983,105624,95807,383,1879,1832,732,316,633,2345,1067,630,9817,0.093
2011,Tonbridge and Malling,E14000997,98975,94578,332,1472,580,128,195,437,644,280,329,4397,0.044
2011,Tunbridge Wells,E14001004,105070,99328,254,1769,724,173,507,467,893,597,358,5742,0.055
2011,Wantage,E14001015,106589,102256,85,1182,610,108,132,363,667,923,263,4333,0.041
2011,Wealden,E14001023,101372,98384,249,1028,289,37,177,320,429,258,201,2988,0.029
2011,Winchester,E14001041,97303,91713,99,1502,990,98,223,820,942,463,453,5590,0.057
2011,Windsor,E14001042,102327,88691,185,2575,4201,1354,204,717,1837,1719,844,13636,0.133
2011,Witney,E14001046,104779,101287,182,1263,354,95,152,310,513,437,186,3492,0.033
2011,Woking,E14001047,105870,88962,185,2439,2349,5690,458,891,2214,1530,1152,16908,0.160
2011,Wokingham,E14001048,101114,89345,212,2120,3692,1290,173,914,1167,1434,767,11769,0.116
2011,Worthing West,E14001055,94724,89982,86,1390,613,114,379,361,842,628,329,4742,0.050
2011,Wycombe,E14001056,108050,79180,47,3693,2543,12739,537,755,2537,5389,630,28870,0.267
2011,Bath,E14000547,88859,81418,24,2034,898,127,184,1664,852,1071,587,7441,0.084
2011,Bournemouth East,E14000584,102152,93591,96,2387,1173,135,237,1072,1464,1075,922,8561,0.084
2011,Bournemouth West,E14000585,98968,91551,199,2112,882,91,214,921,1385,798,815,7417,0.075
2011,Bridgwater and West Somerset,E14000595,106450,104806,104,743,121,20,103,105,256,89,103,1644,0.015
2011,Bristol East,E14000599,95368,79694,61,3557,1615,2205,698,476,781,5461,820,15674,0.164
2011,Bristol North West,E14000600,100809,87472,60,3093,2063,916,499,669,1194,4145,698,13337,0.132
2011,Bristol South,E14000601,107365,99307,78,2966,590,844,159,356,660,1966,439,8058,0.075
2011,Bristol West,E14000602,124692,92760,160,5822,2279,2898,748,2385,1620,14162,1858,31932,0.256
2011,Camborne and Redruth,E14000616,85436,83801,165,671,166,22,73,185,115,118,120,1635,0.019
2011,Central Devon,E14000623,88926,87607,60,664,93,7,16,151,190,61,77,1319,0.015
2011,Cheltenham,E14000630,104867,98690,63,1762,1350,162,296,734,796,681,333,6177,0.059
2011,Chippenham,E14000635,96336,93067,102,1340,349,24,142,263,370,526,153,3269,0.034
2011,Christchurch,E14000638,83596,81610,136,723,173,23,142,282,246,136,125,1986,0.024
2011,Devizes,E14000665,97028,93011,67,1171,318,62,106,241,567,1237,248,4017,0.041
2011,East Devon,E14000678,93956,92153,75,714,176,24,52,218,269,156,119,1803,0.019
2011,Exeter,E14000698,105998,98145,85,1806,901,145,218,1931,1214,617,936,7853,0.074
2011,Filton and Bradley Stoke,E14000702,92651,84798,119,1690,1997,458,87,860,860,1253,529,7853,0.085
2011,Forest of Dean,E14000705,86167,84731,108,558,164,30,1,142,167,201,65,1436,0.017
2011,Gloucester,E14000712,112156,99248,128,3426,3102,593,475,426,1026,3422,310,12908,0.115
2011,Kingswood,E14000774,87190,83660,72,1213,415,164,97,319,344,681,225,3530,0.040
2011,Mid Dorset and North Poole,E14000815,80793,79081,103,684,180,40,98,200,218,109,80,1712,0.021
2011,Newton Abbot,E14000835,85699,84093,97,620,138,14,68,276,201,99,93,1606,0.019
2011,North Cornwall,E14000837,87562,86127,66,594,97,12,47,101,298,116,104,1435,0.016
2011,North Devon,E14000838,93667,91697,45,785,215,67,78,152,323,158,147,1970,0.021
2011,North Dorset,E14000839,95831,93635,155,739,161,20,143,157,510,228,83,2196,0.023
2011,North East Somerset,E14000846,87157,84997,34,864,218,43,35,248,308,255,155,2160,0.025
2011,North Somerset,E14000850,98278,96008,39,949,320,67,87,219,267,175,147,2270,0.023
2011,North Swindon,E14000851,107337,99891,81,1914,1832,444,180,397,1043,1208,347,7446,0.069
2011,North Wiltshire,E14000860,88566,85622,140,980,211,35,67,211,645,504,151,2944,0.033
2011,"Plymouth, Moor View",E14000879,91528,89202,39,796,278,52,57,184,397,335,188,2326,0.025
2011,"Plymouth, Sutton and Devonport",E14000880,110199,103366,86,2094,524,144,291,999,743,1192,760,6833,0.062
2011,Poole,E14000881,95242,90956,108,1260,842,60,274,407,709,335,291,4286,0.045
2011,Salisbury,E14000912,91498,88173,344,919,448,66,198,234,602,364,150,3325,0.036
2011,Somerton and Frome,E14000932,103233,101340,204,764,138,21,37,202,251,189,87,1893,0.018
2011,South Dorset,E14000936,91999,89795,89,864,130,32,121,201,315,361,91,2204,0.024
2011,South East Cornwall,E14000938,88096,86775,81,630,47,16,30,117,205,116,79,1321,0.015
2011,South Swindon,E14000947,101819,87827,99,2312,5069,848,756,557,2239,1653,459,13992,0.137
2011,South West Devon,E14000950,88825,87414,54,652,120,10,36,109,144,196,90,1411,0.016
2011,South West Wiltshire,E14000954,97553,94341,104,1158,221,28,82,261,427,597,334,3212,0.033
2011,St Austell and Newquay,E14000961,99026,97216,154,829,98,4,57,168,194,133,173,1810,0.018
2011,St Ives,E14000964,85067,83526,49,769,86,7,10,179,152,127,162,1541,0.018
2011,Stroud,E14000980,99816,97644,46,1120,155,25,51,186,234,247,108,2172,0.022
2011,Taunton Deane,E14000988,110187,106923,193,1010,324,59,108,448,669,286,167,3264,0.030
2011,Tewkesbury,E14000990,98134,94890,288,1001,718,113,97,193,303,357,174,3244,0.033
2011,The Cotswolds,E14000991,95844,93713,98,794,240,19,40,230,365,242,103,2131,0.022
2011,Thornbury and Yate,E14000994,82926,80845,80,764,287,76,54,133,289,284,114,2081,0.025
2011,Tiverton and Honiton,E14000996,97830,96290,80,604,165,4,40,188,269,108,82,1540,0.016
2011,Torbay,E14000999,97132,94333,37,1134,361,70,92,225,469,218,193,2799,0.029
2011,Torridge and West Devon,E14001000,97183,95795,67,674,70,7,34,177,161,93,105,1388,0.014
2011,Totnes,E14001001,82799,81442,19,684,110,17,46,97,142,109,133,1357,0.016
2011,Truro and Falmouth,E14001003,89289,86945,120,925,343,46,63,254,244,154,195,2344,0.026
2011,Wells,E14001026,103319,101063,142,920,204,27,126,229,325,182,101,2256,0.022
2011,West Dorset,E14001031,95460,93431,101,738,234,59,86,241,297,166,107,2029,0.021
2011,Weston-Super-Mare,E14001038,104288,100892,137,1084,497,44,212,400,323,457,242,3396,0.033
2011,Yeovil,E14001060,106783,104390,90,804,282,76,68,263,411,267,132,2393,0.022
2011,Ynys Mon,W07000041,69751,68455,65,480,135,33,53,153,117,81,179,1296,0.019
2011,Delyn,W07000042,70001,69093,34,334,102,45,35,109,114,63,72,908,0.013
2011,Alyn and Deeside,W07000043,82505,80973,61,517,194,42,188,214,158,79,79,1532,0.019
2011,Wrexham,W07000044,70741,67639,53,641,747,149,126,336,496,404,150,3102,0.044
2011,Llanelli,W07000045,81245,79364,212,449,266,108,62,161,373,107,143,1881,0.023
2011,Gower,W07000046,77819,76187,18,524,236,84,57,148,190,139,236,1632,0.021
2011,Swansea West,W07000047,80668,72049,35,984,741,330,1330,1503,803,1168,1725,8619,0.107
2011,Swansea East,W07000048,80536,76376,32,652,500,177,557,401,746,676,419,4160,0.052
2011,Aberavon,W07000049,66133,64449,88,485,155,78,212,157,225,196,88,1684,0.025
2011,Cardiff Central,W07000050,88097,71017,75,2534,2566,2557,1349,1956,1760,1810,2473,17080,0.194
2011,Cardiff North,W07000051,88114,80030,45,1740,1664,675,490,715,935,740,1080,8084,0.092
2011,Rhondda,W07000052,69576,68223,12,364,91,42,37,210,213,313,71,1353,0.019
2011,Torfaen,W07000053,81108,79354,154,528,154,59,65,183,390,131,90,1754,0.022
2011,Monmouth,W07000054,83733,81958,6,592,215,49,55,173,392,167,126,1775,0.021
2011,Newport East,W07000055,77892,71346,46,1257,452,1736,881,319,474,971,410,6546,0.084
2011,Newport West,W07000056,85401,76879,39,1602,814,1401,868,326,857,1579,1036,8522,0.100
2011,Arfon,W07000057,60573,57080,76,597,383,188,139,837,315,211,747,3493,0.058
2011,Aberconwy,W07000058,56415,55170,25,474,113,34,50,156,143,97,153,1245,0.022
2011,Clwyd West,W07000059,73920,72086,46,532,233,79,86,322,222,114,200,1834,0.025
2011,Vale of Clwyd,W07000060,71101,69046,27,565,206,143,109,231,528,142,104,2055,0.029
2011,Dwyfor Meirionnydd,W07000061,61301,60340,77,367,78,32,37,68,93,78,131,961,0.016
2011,Clwyd South,W07000062,71629,70306,52,443,115,34,80,103,162,228,106,1323,0.018
2011,Montgomeryshire,W07000063,63779,62972,77,346,57,2,42,49,124,64,46,807,0.013
2011,Ceredigion,W07000064,75922,73369,74,736,367,81,91,322,238,266,378,2553,0.034
2011,Preseli Pembrokeshire,W07000065,76587,74980,121,445,236,53,83,126,300,124,119,1607,0.021
2011,Carmarthen West and South Pembrokeshire,W07000066,77338,75316,395,507,267,43,39,126,348,123,174,2022,0.026
2011,Carmarthen East and Dinefwr,W07000067,71046,69995,61,365,135,24,36,90,153,104,83,1051,0.015
2011,Brecon and Radnorshire,W07000068,69197,67727,51,414,88,7,25,122,626,68,69,1470,0.021
2011,Neath,W07000069,73679,72513,37,425,125,47,99,123,148,103,59,1166,0.016
2011,Cynon Valley,W07000070,68952,67458,12,392,135,84,18,245,235,281,92,1494,0.022
2011,Merthyr Tydfil and Rhymney,W07000071,75220,73552,65,525,202,61,47,152,326,169,121,1668,0.022
2011,Blaenau Gwent,W07000072,69814,68678,72,394,202,39,26,122,96,95,90,1136,0.016
2011,Bridgend,W07000073,79873,77574,50,665,252,105,78,252,499,202,196,2299,0.029
2011,Ogmore,W07000074,74738,73557,26,433,136,19,40,156,181,145,45,1181,0.016
2011,Pontypridd,W07000075,80449,77403,16,650,379,139,47,558,428,682,147,3046,0.038
2011,Caerphilly,W07000076,86980,85309,20,631,219,71,12,276,207,137,98,1671,0.019
2011,Islwyn,W07000077,75408,74282,8,480,74,41,18,187,149,79,90,1126,0.015
2011,Vale of Glamorgan,W07000078,97733,94597,18,1304,317,163,76,311,336,379,232,3136,0.032
2011,Cardiff West,W07000079,91027,79556,52,2583,1723,1137,1707,768,841,1592,1068,11471,0.126
2011,Cardiff South and Penarth,W07000080,107455,89210,352,3565,2182,2038,1337,872,1377,4169,2353,18245,0.170
2011,Aberdeen North,S14000001,99654,89714,164,710,1931,505,329,1129,1228,3169,775,9940,0.100
2011,Aberdeen South,S14000002,93197,86179,99,655,1292,367,210,756,953,2135,551,7018,0.075
2011,Airdrie and Shotts,S14000003,85845,84445,60,154,167,559,9,190,64,143,54,1400,0.016
2011,Angus,S14000004,86004,84872,158,182,104,155,13,168,135,142,75,1132,0.013
2011,Argyll and Bute,S14000005,88166,86971,96,277,115,102,41,146,161,191,66,1195,0.014
2011,"Ayr, Carrick and Cumnock",S14000006,93308,92183,99,203,180,129,11,227,124,97,55,1125,0.012
2011,Banff and Buchan,S14000007,91325,90301,89,174,102,68,39,134,196,151,71,1024,0.011
2011,"Berwickshire, Roxburgh and Selkirk",S14000008,94683,93376,50,263,151,107,37,171,158,260,110,1307,0.014
2011,"Caithness, Sutherland and Easter Ross",S14000009,62229,61605,125,127,56,41,26,58,105,53,33,624,0.010
2011,Central Ayrshire,S14000010,88079,86893,40,181,293,105,7,241,125,112,82,1186,0.013
2011,"Coatbridge, Chryston and Bellshill",S14000011,95165,93272,66,229,316,712,14,257,89,142,68,1893,0.020
2011,"Cumbernauld, Kilsyth and Kirkintilloch East",S14000012,87012,85188,38,196,270,623,11,225,178,209,74,1824,0.021
2011,Dumfries and Galloway,S14000013,97064,95781,48,281,202,109,35,213,160,139,96,1283,0.013
2011,"Dumfriesshire, Clydesdale and Tweeddale",S14000014,86319,85352,76,217,140,105,28,123,107,117,54,967,0.011
2011,Dundee East,S14000015,88016,84859,56,309,398,997,110,414,246,359,268,3157,0.036
2011,Dundee West,S14000016,89226,82910,73,458,1078,1161,204,956,620,1138,628,6316,0.071
2011,Dunfermline and West Fife,S14000017,98318,96293,23,262,259,525,42,293,198,314,109,2025,0.021
2011,East Dunbartonshire,S14000018,82115,78001,16,372,1523,704,41,632,336,202,288,4114,0.050
2011,"East Kilbride, Strathaven and Lesmahagow",S14000019,100477,98171,35,293,471,519,36,294,229,273,156,2306,0.023
2011,East Lothian,S14000020,99717,97998,13,363,275,288,43,209,140,286,102,1719,0.017
2011,East Renfrewshire,S14000021,90574,85195,16,386,1061,2779,14,476,241,168,238,5379,0.059
2011,Edinburgh East,S14000022,95314,85904,137,973,1286,1598,242,2098,1279,1080,717,9410,0.099
2011,Edinburgh North and Leith,S14000023,106183,96940,67,1177,1795,1253,339,1436,1062,1414,700,9243,0.087
2011,Edinburgh South,S14000024,86184,78557,85,807,1009,1244,195,1890,958,683,756,7627,0.088
2011,Edinburgh South West,S14000025,99236,90261,61,684,1499,959,277,1852,837,1699,1107,8975,0.090
2011,Edinburgh West,S14000026,89709,85117,38,446,881,804,224,800,447,629,323,4592,0.051
2011,Falkirk,S14000028,108955,106587,93,245,340,885,6,229,165,233,172,2368,0.022
2011,Glasgow Central,S14000029,91257,69124,94,693,3168,8674,106,3360,1837,2963,1238,22133,0.243
2011,Glasgow East,S14000030,87402,84145,107,146,343,518,12,643,268,1035,185,3257,0.037
2011,Glasgow North,S14000031,71636,61999,31,683,1254,2153,84,2356,801,1624,651,9637,0.135
2011,Glasgow North East,S14000032,85854,76548,47,245,800,944,145,1980,788,3758,599,9306,0.108
2011,Glasgow North West,S14000033,85882,78697,28,408,950,1317,49,1073,828,2050,482,7185,0.084
2011,Glasgow South,S14000034,87852,77923,59,434,1022,5669,36,590,539,1255,325,9929,0.113
2011,Glasgow South West,S14000035,83979,76241,41,271,1118,3161,27,717,514,1566,323,7738,0.092
2011,Glenrothes,S14000036,89315,87646,76,182,160,639,38,208,116,177,73,1669,0.019
2011,Gordon,S14000037,99880,97335,56,382,278,235,79,415,317,565,218,2545,0.025
2011,Inverclyde,S14000038,81485,80368,8,179,256,171,5,196,120,133,49,1117,0.014
2011,"Inverness, Nairn, Badenoch and Strathspey",S14000039,101936,99931,69,362,283,139,148,246,355,266,137,2005,0.020
2011,Kilmarnock and Loudoun,S14000040,96810,95522,50,223,174,237,9,266,110,130,89,1288,0.013
2011,Kirkcaldy and Cowdenbeath,S14000041,96959,94622,114,273,325,601,23,296,195,348,162,2337,0.024
2011,Lanark and Hamilton East,S14000042,97513,95667,93,196,301,497,25,289,136,185,124,1846,0.019
2011,Linlithgow and East Falkirk,S14000043,112273,110517,76,254,187,556,7,151,170,247,108,1756,0.016
2011,Livingston,S14000044,109880,106559,55,369,527,1127,9,393,262,426,153,3321,0.030
2011,Midlothian,S14000045,83187,81643,72,210,180,371,41,130,188,258,94,1544,0.019
2011,Moray,S14000046,93295,92184,79,232,101,149,16,164,169,145,56,1111,0.012
2011,Motherwell and Wishaw,S14000047,91999,89640,52,176,275,1126,10,265,140,243,72,2359,0.026
2011,Na h-Eileanan An Iar,S14000027,27684,27429,10,67,41,26,12,12,51,18,18,255,0.009
2011,North Ayrshire and Arran,S14000048,95515,94578,27,247,148,68,18,172,108,95,54,937,0.010
2011,North East Fife,S14000049,80606,77673,103,540,322,137,15,938,418,287,173,2933,0.036
2011,Ochil and South Perthshire,S14000050,100504,98842,172,292,189,353,13,232,131,208,72,1662,0.017
2011,Orkney and Shetland,S14000051,44516,43995,11,111,39,60,25,91,108,48,28,521,0.012
2011,Paisley and Renfrewshire North,S14000052,88516,85987,21,219,631,614,11,421,142,331,139,2529,0.029
2011,Paisley and Renfrewshire South,S14000053,86392,84070,49,218,397,351,8,402,133,592,172,2322,0.027
2011,Perth and North Perthshire,S14000054,97590,94999,311,307,476,290,66,319,319,283,220,2591,0.027
2011,"Ross, Skye and Lochaber",S14000055,67967,67154,97,175,123,54,43,75,114,88,44,813,0.012
2011,Rutherglen and Hamilton West,S14000056,102968,99862,67,258,564,1071,32,401,210,394,109,3106,0.030
2011,Stirling,S14000057,90247,87322,68,323,349,299,20,951,443,262,210,2925,0.032
2011,West Aberdeenshire and Kincardine,S14000058,91710,89844,46,338,254,120,68,177,374,369,120,1866,0.020
2011,West Dunbartonshire,S14000059,90720,89204,102,178,277,251,5,160,152,291,100,1516,0.017
2011,Belfast East,N06000001,92221,89554,25,427,513,71,44,540,579,298,170,2667,0.029
2011,Belfast North,N06000002,102531,100262,43,380,568,69,18,294,479,298,120,2269,0.022
2011,Belfast South,N06000003,111402,104902,68,771,1403,186,160,1852,1008,684,368,6500,0.058
2011,Belfast West,N06000004,93986,92319,158,290,311,24,17,171,449,178,69,1667,0.018
2011,East Antrim,N06000005,90067,88678,11,345,230,52,16,419,157,101,58,1389,0.015
2011,East Londonderry,N06000006,99673,98476,34,279,157,40,11,272,201,97,106,1197,0.012
2011,Fermanagh & South Tyrone,N06000007,102553,100781,112,322,233,42,9,164,227,365,298,1772,0.017
2011,Foyle,N06000008,100807,98982,71,374,603,46,12,251,180,164,124,1825,0.018
2011,Lagan Valley,N06000009,101710,99879,26,368,434,46,7,333,272,208,137,1831,0.018
2011,Mid Ulster,N06000010,99155,98191,183,202,90,18,2,181,65,141,82,964,0.010
2011,Newry & Armagh,N06000011,112401,111231,211,221,219,45,7,197,104,67,99,1170,0.010
2011,North Antrim,N06000012,108207,107234,90,185,158,52,6,184,141,61,96,973,0.009
2011,North Down,N06000013,89498,87859,14,381,247,84,52,252,250,238,121,1639,0.018
2011,South Antrim,N06000014,99238,97576,20,361,449,99,4,300,188,172,69,1662,0.017
2011,South Down,N06000015,108835,107846,47,254,102,15,24,182,97,145,123,989,0.009
2011,Strangford,N06000016,89370,88437,14,229,100,11,129,216,91,62,81,933,0.010
2011,Upper Bann,N06000017,118010,115804,54,464,253,179,21,385,380,314,156,2206,0.019
2011,West Tyrone,N06000018,91199,90438,120,161,128,12,1,110,130,23,76,761,0.008